id,page,original_catalog_page,collection,section,product,sku,size,thickness,finish,unit,price,price_pl,price_npl,confidence
1,1,4,Alchemy,base tiles,Frozen,AFUN,60x120 cm,9 mm,"Matt
RT R9 A",€/mq,,82.8,93.1,medium
2,1,4,Alchemy,base tiles,Frozen,AGI1,80x80 cm,9 mm,"Matt
RT R9 A",€/mq,,82.8,93.1,medium
3,1,4,Alchemy,base tiles,Frozen,AFUB,,9 mm,"Matt
RT R9 A",€/mq,,77.3,87.05,low
4,1,4,Alchemy,base tiles,Argent,AFUO,60x120 cm,9 mm,"Matt
RT R9 A",€/mq,,82.8,93.1,medium
5,1,4,Alchemy,base tiles,Argent,AGI2,80x80 cm,9 mm,"Matt
RT R9 A",€/mq,,82.8,93.1,medium
6,1,4,Alchemy,base tiles,Argent,AFUC,,9 mm,"Matt
RT R9 A",€/mq,,77.3,87.05,low
7,1,4,Alchemy,base tiles,Magnet,AFUR,60x120 cm,9 mm,"Matt
RT R9 A",€/mq,,82.8,93.1,medium
8,1,4,Alchemy,base tiles,Magnet,AGI4,80x80 cm,9 mm,"Matt
RT R9 A",€/mq,,82.8,93.1,medium
9,1,4,Alchemy,base tiles,Magnet,AFUG,,9 mm,"Matt
RT R9 A",€/mq,,77.3,87.05,low
10,1,4,Alchemy,base tiles,Navy,AFVG,120x120 cm,6 mm,"Matt
RT",€/mq,,116.5,128.1,medium
11,1,4,Alchemy,base tiles,Navy,AFUQ,60x120 cm,9 mm,"Matt
RT R9 A",€/mq,,88.75,99.8,medium
12,1,4,Alchemy,base tiles,Navy,AGI3,80x80 cm,9 mm,"Matt
RT R9 A",€/mq,,88.75,99.8,medium
13,1,4,Alchemy,base tiles,Navy,AFUF,,9 mm,"Matt
RT R9 A",€/mq,,85.1,95.8,low
14,1,4,Alchemy,base tiles,Copper,AFVH,120x120 cm,6 mm,"Matt
RT",€/mq,,116.5,128.1,medium
15,1,4,Alchemy,base tiles,Copper,AFUP,60x120 cm,9 mm,"Matt
RT R9 A",€/mq,,88.75,99.8,medium
16,1,4,Alchemy,base tiles,Copper,Ab3y,80x80 cm,9 mm,"Matt
RT R9 A",€/mq,,88.75,99.8,medium
17,1,4,Alchemy,base tiles,Copper,AFUD,,9 mm,"Matt
RT R9 A",€/mq,,85.1,95.8,low
18,1,4,Alchemy,base tiles,Tc. Mint,AEJN,120x120 cm,6 mm,"Matt
RT",€/mq,,116.5,128.1,medium
19,1,4,Alchemy,base tiles,Tc. Mint,ACYN,60x120 cm,9 mm,"Matt
RT R9 A",€/mq,,93.45,105.1,medium
20,1,4,Alchemy,base tiles,Tc. Mint,Ab4z,80x80 cm,9 mm,"Matt
RT R9 A",€/mq,,93.45,105.1,medium
21,1,4,Alchemy,base tiles,Tc. Mint,AFUE,,9 mm,"Matt
RT R9 A",€/mq,,89.4,100.6,low
22,2,5,Alchemy,base tiles additional sizes,Frozen,AFUH,60x60 cm,9 mm,"Matt
RT R9 A",€/mq,,68.1,76.6,medium
23,2,5,Alchemy,base tiles additional sizes,Argent,AFUI,60x60 cm,9 mm,"Matt
RT R9 A",€/mq,,68.1,76.6,medium
24,2,5,Alchemy,base tiles additional sizes,Magnet,AFUM,60x60 cm,9 mm,"Matt
RT R9 A",€/mq,,68.1,76.6,medium
25,2,5,Alchemy,base tiles additional sizes,Navy,AFUL,60x60 cm,9 mm,"Matt
RT R9 A",€/mq,,74.85,84.2,medium
26,2,5,Alchemy,base tiles additional sizes,Copper,AFUJ,60x60 cm,9 mm,"Matt
RT R9 A",€/mq,,74.85,84.2,medium
27,2,5,Alchemy,base tiles additional sizes,Tc. Mint,AFUK,60x60 cm,9 mm,"Matt
RT R9 A",€/mq,,78.75,88.55,medium
28,2,5,Alchemy,base tiles additional sizes,Tc. Mint,AEQ8,30x60 cm,9 mm,"Matt
RT R9 A",€/mq,,83.1,93.6,medium
29,2,5,Alchemy,base tiles additional sizes,Tc. Mint,AD0I,30x30 cm,9 mm,"Matt
RT R9 A",€/mq,,72.6,81.65,medium
30,2,5,Alchemy,base tiles additional sizes,Tc. Mint,ACE4,60x60 cm,9 mm,"Matt
RT R9 A",€/mq,,98.95,111.3,medium
31,2,5,Alchemy,base tiles additional sizes,Tc. Mint,AFJS,,20 mm,"Aextra20
RT R11 C",€/mq,,112.15,129.0,low
32,3,6,Alchemy,accessories: bullnose and step treads,Frozen,AFXV,"7,2x80 cm",,,€/pz,17.55,,,medium
33,3,6,Alchemy,accessories: bullnose and step treads,Frozen,AFYS,33x120 cm,,,€/pz,228.6,,,medium
34,3,6,Alchemy,accessories: bullnose and step treads,Frozen,AFYX,33x80 cm,,,€/pz,142.9,,,medium
35,3,6,Alchemy,accessories: bullnose and step treads,Frozen,AFY3,33x33 cm,,,€/pz,135.1,,,medium
36,3,6,Alchemy,accessories: bullnose and step treads,Argent,AFXW,"7,2x80 cm",,,€/pz,17.55,,,medium
37,3,6,Alchemy,accessories: bullnose and step treads,Argent,AFYT,33x120 cm,,,€/pz,228.6,,,medium
38,3,6,Alchemy,accessories: bullnose and step treads,Argent,AFYY,33x80 cm,,,€/pz,142.9,,,medium
39,3,6,Alchemy,accessories: bullnose and step treads,Argent,AFY4,33x33 cm,,,€/pz,135.1,,,medium
40,3,6,Alchemy,accessories: bullnose and step treads,Magnet,AFX0,"7,2x80 cm",,,€/pz,17.55,,,medium
41,3,6,Alchemy,accessories: bullnose and step treads,Magnet,AFYW,33x120 cm,,,€/pz,228.6,,,medium
42,3,6,Alchemy,accessories: bullnose and step treads,Magnet,AFY2,33x80 cm,,,€/pz,142.9,,,medium
43,3,6,Alchemy,accessories: bullnose and step treads,Magnet,AFY8,33x33 cm,,,€/pz,135.1,,,medium
44,3,6,Alchemy,accessories: bullnose and step treads,Navy,AFXZ,"7,2x80 cm",,,€/pz,17.55,,,medium
45,3,6,Alchemy,accessories: bullnose and step treads,Navy,AFYV,33x120 cm,,,€/pz,228.6,,,medium
46,3,6,Alchemy,accessories: bullnose and step treads,Navy,AFY1,33x80 cm,,,€/pz,142.9,,,medium
47,3,6,Alchemy,accessories: bullnose and step treads,Navy,AFY7,33x33 cm,,,€/pz,135.1,,,medium
48,3,6,Alchemy,accessories: bullnose and step treads,Copper,AFXX,"7,2x80 cm",,,€/pz,17.55,,,medium
49,3,6,Alchemy,accessories: bullnose and step treads,Copper,AFYU,33x120 cm,,,€/pz,228.6,,,medium
50,3,6,Alchemy,accessories: bullnose and step treads,Copper,AFYZ,33x80 cm,,,€/pz,142.9,,,medium
51,3,6,Alchemy,accessories: bullnose and step treads,Copper,AFY5,33x33 cm,,,€/pz,135.1,,,medium
52,3,6,Alchemy,accessories: bullnose and step treads,Tc. Mint,AFXY,"7,2x80 cm",,,€/pz,17.55,,,medium
53,3,6,Alchemy,accessories: bullnose and step treads,Tc. Mint,ACF1,"7,2x60 cm",,,€/pz,11.35,,,medium
54,3,6,Alchemy,accessories: bullnose and step treads,Tc. Mint,AbGR,33x120 cm,,,€/pz,228.6,,,medium
55,3,6,Alchemy,accessories: bullnose and step treads,Tc. Mint,AFY0,33x80 cm,,,€/pz,142.9,,,medium
56,3,6,Alchemy,accessories: bullnose and step treads,Tc. Mint,ACF7,33x60 cm,,,€/pz,111.1,,,medium
57,3,6,Alchemy,accessories: bullnose and step treads,Tc. Mint,AFY6,33x33 cm,,,€/pz,135.1,,,medium
58,4,7,Alchemy,decorations and mosaics,Frozen,AFW9,cm 28x34,,,€/mq,402.75,,,medium
59,4,7,Alchemy,decorations and mosaics,Frozen,AFWP,30x30 cm,,,€/mq,168.85,,,medium
60,4,7,Alchemy,decorations and mosaics,Frozen,AFWV,30x30 cm,,,€/mq,376.65,,,medium
61,4,7,Alchemy,decorations and mosaics,Frozen,AFW1,30x30 cm,,,€/mq,376.65,,,medium
62,4,7,Alchemy,decorations and mosaics,Argent,AFXA,cm 28x34,,,€/mq,402.75,,,medium
63,4,7,Alchemy,decorations and mosaics,Argent,AFWQ,30x30 cm,,,€/mq,168.85,,,medium
64,4,7,Alchemy,decorations and mosaics,Argent,AFWW,30x30 cm,,,€/mq,376.65,,,medium
65,4,7,Alchemy,decorations and mosaics,Argent,AFW2,30x30 cm,,,€/mq,376.65,,,medium
66,4,7,Alchemy,decorations and mosaics,Magnet,AFXE,cm 28x34,,,€/mq,402.75,,,medium
67,4,7,Alchemy,decorations and mosaics,Magnet,AFWU,30x30 cm,,,€/mq,168.85,,,medium
68,4,7,Alchemy,decorations and mosaics,Magnet,AFW0,30x30 cm,,,€/mq,376.65,,,medium
69,4,7,Alchemy,decorations and mosaics,Magnet,AFW6,30x30 cm,,,€/mq,376.65,,,medium
70,4,7,Alchemy,decorations and mosaics,Navy,AFXD,cm 28x34,,,€/mq,402.75,,,medium
71,4,7,Alchemy,decorations and mosaics,Navy,AFWT,30x30 cm,,,€/mq,168.85,,,medium
72,4,7,Alchemy,decorations and mosaics,Navy,AFWZ,30x30 cm,,,€/mq,376.65,,,medium
73,4,7,Alchemy,decorations and mosaics,Navy,AFW5,30x30 cm,,,€/mq,376.65,,,medium
74,4,7,Alchemy,decorations and mosaics,Copper,AFXB,cm 28x34,,,€/mq,402.75,,,medium
75,4,7,Alchemy,decorations and mosaics,Copper,AFWR,30x30 cm,,,€/mq,168.85,,,medium
76,4,7,Alchemy,decorations and mosaics,Copper,AFWX,30x30 cm,,,€/mq,376.65,,,medium
77,4,7,Alchemy,decorations and mosaics,Copper,AFW3,30x30 cm,,,€/mq,376.65,,,medium
78,4,7,Alchemy,decorations and mosaics,Tc. Mint,AFXC,cm 28x34,,,€/mq,402.75,,,medium
79,4,7,Alchemy,decorations and mosaics,Tc. Mint,AFWS,30x30 cm,,,€/mq,168.85,,,medium
80,4,7,Alchemy,decorations and mosaics,Tc. Mint,AFWY,30x30 cm,,,€/mq,376.65,,,medium
81,4,7,Alchemy,decorations and mosaics,Tc. Mint,AFW4,30x30 cm,,,€/mq,376.65,,,medium
82,4,7,Alchemy,decorations and mosaics,Tc. Mint,ACFK,30x30 cm,,,€/mq,273.65,,,medium
83,4,7,Alchemy,decorations and mosaics,Navy,AFW7,20x20 cm,,,€/mq,155.9,,,medium
84,4,7,Alchemy,decorations and mosaics,Copper,AFW8,20x20 cm,,,€/mq,155.9,,,medium
85,4,7,Alchemy,decorations and mosaics,Tc. Mint,AEQ4,60x60 cm,,,€/mq,93.7,,,medium
86,4,7,Alchemy,decorations and mosaics,Tc. Mint,ACDD,30x30 cm,,,€/mq,104.2,,,medium
87,5,14,CiViC,CiViC Cross,Sable,AIGA,,9 mm,"Matt
RT R10 B",€/mq,,78.3,88.1,low
88,5,14,CiViC,CiViC Cross,Sable,AIFN,,9 mm,"Matt
RT R10 B",€/mq,,65.5,73.7,low
89,5,14,CiViC,CiViC Cross,Sable,AIFS,,,"Grip
RT R11 C",€/mq,,68.7,77.3,low
90,5,14,CiViC,CiViC Cross,Sable,AIJB,,9 mm,"Matt
RT R10 B",€/mq,,64.2,72.25,low
91,5,14,CiViC,CiViC Cross,Plinth,AIGC,,9 mm,"Matt
RT R10 B",€/mq,,78.3,88.1,low
92,5,14,CiViC,CiViC Cross,Plinth,AIFP,,9 mm,"Matt
RT R10 B",€/mq,,65.5,73.7,low
93,5,14,CiViC,CiViC Cross,Plinth,AIFU,,,"Grip
RT R11 C",€/mq,,68.7,77.3,low
94,5,14,CiViC,CiViC Cross,Plinth,AIJC,,9 mm,"Matt
RT R10 B",€/mq,,64.2,72.25,low
95,5,14,CiViC,CiViC Cross,Fusion,AIGB,,9 mm,"Matt
RT R10 B",€/mq,,78.3,88.1,low
96,5,14,CiViC,CiViC Cross,Fusion,AIFO,,9 mm,"Matt
RT R10 B",€/mq,,65.5,73.7,low
97,5,14,CiViC,CiViC Cross,Fusion,AIFT,,,"Grip
RT R11 C",€/mq,,68.7,77.3,low
98,5,14,CiViC,CiViC Cross,Clear,AIF9,,9 mm,"Matt
RT R10 B",€/mq,,80.85,90.95,low
99,5,14,CiViC,CiViC Cross,Clear,AIFM,,9 mm,"Matt
RT R10 B",€/mq,,68.4,76.95,low
100,5,14,CiViC,CiViC Cross,Clear,AIFR,,,"Grip
RT R11 C",€/mq,,72.75,81.85,low
101,5,14,CiViC,CiViC Cross,Clear,AIJA,,9 mm,"Matt
RT R10 B",€/mq,,67.5,75.95,low
102,5,14,CiViC,CiViC Cross,Silent,AIGD,,9 mm,"Matt
RT R10 B",€/mq,,80.85,90.95,low
103,5,14,CiViC,CiViC Cross,Silent,AIFQ,,9 mm,"Matt
RT R10 B",€/mq,,68.4,76.95,low
104,5,14,CiViC,CiViC Cross,Silent,AIFV,,,"Grip
RT R11 C",€/mq,,72.75,81.85,low
105,6,15,CiViC,CiViC Cross additional sizes / Aextra20,Sable,AIEY,30x60 cm,9 mm,"Matt
RT R10 B",€/mq,,54.2,61.0,medium
106,6,15,CiViC,CiViC Cross additional sizes / Aextra20,Sable,AIE7,120x120 cm,9 mm,"Matt
RT R10 B",€/mq,,46.0,51.75,medium
107,6,15,CiViC,CiViC Cross additional sizes / Aextra20,Sable,AIGJ,60x120 cm,20 mm,"Aextra20
RT R11 C",€/mq,,135.0,155.25,medium
108,6,15,CiViC,CiViC Cross additional sizes / Aextra20,Sable,AIGQ,60x60 cm,20 mm,"Aextra20
RT R11 C",€/mq,,108.5,124.75,medium
109,6,15,CiViC,CiViC Cross additional sizes / Aextra20,Sable,AIGM,,20 mm,"Aextra20
RT R11 C",€/mq,,93.0,106.95,low
110,6,15,CiViC,CiViC Cross additional sizes / Aextra20,Plinth,AIE0,30x60 cm,9 mm,"Matt
RT R10 B",€/mq,,54.2,61.0,medium
111,6,15,CiViC,CiViC Cross additional sizes / Aextra20,Plinth,AIE9,120x120 cm,9 mm,"Matt
RT R10 B",€/mq,,46.0,51.75,medium
112,6,15,CiViC,CiViC Cross additional sizes / Aextra20,Plinth,AIGK,60x120 cm,20 mm,"Aextra20
RT R11 C",€/mq,,135.0,155.25,medium
113,6,15,CiViC,CiViC Cross additional sizes / Aextra20,Plinth,AIGS,60x60 cm,20 mm,"Aextra20
RT R11 C",€/mq,,108.5,124.75,medium
114,6,15,CiViC,CiViC Cross additional sizes / Aextra20,Plinth,AIGN,,20 mm,"Aextra20
RT R11 C",€/mq,,93.0,106.95,low
115,6,15,CiViC,CiViC Cross additional sizes / Aextra20,Fusion,AIEZ,30x60 cm,9 mm,"Matt
RT R10 B",€/mq,,54.2,61.0,medium
116,6,15,CiViC,CiViC Cross additional sizes / Aextra20,Fusion,AIE8,120x120 cm,9 mm,"Matt
RT R10 B",€/mq,,46.0,51.75,medium
117,6,15,CiViC,CiViC Cross additional sizes / Aextra20,Clear,AIEX,30x60 cm,9 mm,"Matt
RT R10 B",€/mq,,56.95,64.05,medium
118,6,15,CiViC,CiViC Cross additional sizes / Aextra20,Clear,AIE6,120x120 cm,9 mm,"Matt
RT R10 B",€/mq,,48.2,54.25,medium
119,6,15,CiViC,CiViC Cross additional sizes / Aextra20,Silent,AIE1,30x60 cm,9 mm,"Matt
RT R10 B",€/mq,,56.95,64.05,medium
120,6,15,CiViC,CiViC Cross additional sizes / Aextra20,Silent,AIFA,120x120 cm,9 mm,"Matt
RT R10 B",€/mq,,48.2,54.25,medium
121,7,16,CiViC,CiViC Vein,Sable,AIGF,60x120 cm,6 mm,"Matt
RT R9",€/mq,,108.15,118.95,medium
122,7,16,CiViC,CiViC Vein,Sable,AIFX,,9 mm,"Matt
RT R10 B",€/mq,,65.5,73.7,low
123,7,16,CiViC,CiViC Vein,Plinth,AIGG,60x120 cm,6 mm,"Matt
RT R9",€/mq,,108.15,118.95,medium
124,7,16,CiViC,CiViC Vein,Plinth,AIFZ,,9 mm,"Matt
RT R10 B",€/mq,,65.5,73.7,low
125,7,16,CiViC,CiViC Vein,Fusion,AIFY,,9 mm,"Matt
RT R10 B",€/mq,,65.5,73.7,low
126,7,16,CiViC,CiViC Vein,Clear,AIGE,60x120 cm,6 mm,"Matt
RT R9",€/mq,,111.0,122.1,medium
127,7,16,CiViC,CiViC Vein,Clear,AIFW,,9 mm,"Matt
RT R10 B",€/mq,,68.4,76.95,low
128,7,16,CiViC,CiViC Vein,Silent,AIF0,,9 mm,"Matt
RT R10 B",€/mq,,68.4,76.95,low
129,8,17,CiViC,CiViC Chips,Sable,AIF5,60x120 cm,9 mm,"Matt
RT R10 B",€/mq,,78.3,88.1,medium
130,8,17,CiViC,CiViC Chips,Sable,AIXZ,60x60 cm,9 mm,"Matt
RT R10 B",€/mq,,65.5,73.7,medium
131,8,17,CiViC,CiViC Chips,Sable,AIFC,60x120 cm,9 mm,"Matt
RT R10 B",€/mq,,54.2,61.0,medium
132,8,17,CiViC,CiViC Chips,Sable,AIVT,60x60 cm,20 mm,"Aextra20
RT R11 C",€/mq,,108.5,124.75,medium
133,8,17,CiViC,CiViC Chips,Sable,AIGO,,20 mm,"Aextra20
RT R11 C",€/mq,,93.0,106.95,low
134,8,17,CiViC,CiViC Chips,Plinth,AIF7,60x120 cm,9 mm,"Matt
RT R10 B",€/mq,,78.3,88.1,medium
135,8,17,CiViC,CiViC Chips,Plinth,AIX0,60x60 cm,9 mm,"Matt
RT R10 B",€/mq,,65.5,73.7,medium
136,8,17,CiViC,CiViC Chips,Plinth,AIFF,60x120 cm,9 mm,"Matt
RT R10 B",€/mq,,54.2,61.0,medium
137,8,17,CiViC,CiViC Chips,Plinth,AIVU,60x60 cm,20 mm,"Aextra20
RT R11 C",€/mq,,108.5,124.75,medium
138,8,17,CiViC,CiViC Chips,Plinth,AIGP,,20 mm,"Aextra20
RT R11 C",€/mq,,93.0,106.95,low
139,8,17,CiViC,CiViC Chips,Fusion,AIF6,60x120 cm,9 mm,"Matt
RT R10 B",€/mq,,78.3,88.1,medium
140,8,17,CiViC,CiViC Chips,Fusion,AcxW,60x60 cm,9 mm,"Matt
RT R10 B",€/mq,,65.5,73.7,medium
141,8,17,CiViC,CiViC Chips,Fusion,AIFD,60x120 cm,9 mm,"Matt
RT R10 B",€/mq,,54.2,61.0,medium
142,8,17,CiViC,CiViC Chips,Clear,AIF4,60x120 cm,9 mm,"Matt
RT R10 B",€/mq,,80.85,90.95,medium
143,8,17,CiViC,CiViC Chips,Clear,AIXY,60x60 cm,9 mm,"Matt
RT R10 B",€/mq,,68.4,76.95,medium
144,8,17,CiViC,CiViC Chips,Clear,AIFB,60x120 cm,9 mm,"Matt
RT R10 B",€/mq,,56.95,64.05,medium
145,8,17,CiViC,CiViC Chips,Silent,AIF8,60x120 cm,9 mm,"Matt
RT R10 B",€/mq,,80.85,90.95,medium
146,8,17,CiViC,CiViC Chips,Silent,AIX1,60x60 cm,9 mm,"Matt
RT R10 B",€/mq,,68.4,76.95,medium
147,8,17,CiViC,CiViC Chips,Silent,AIFG,60x120 cm,9 mm,"Matt
RT R10 B",€/mq,,56.95,64.05,medium
148,9,18,CiViC,CiViC Multicolor,Warm,AIX2,60x60 cm,9 mm,"Matt
RT R10 B",€/mq,,68.8,77.4,medium
149,9,18,CiViC,CiViC Multicolor,Warm,AIE2,30x30 cm,9 mm,"Matt
RT R10 B",€/mq,,56.9,64.0,medium
150,9,18,CiViC,CiViC Multicolor,Warm,AIFH,,9 mm,"Matt
RT R10 B",€/mq,,76.9,86.5,low
151,9,18,CiViC,CiViC Multicolor,White,AIX3,60x60 cm,9 mm,"Matt
RT R10 B",€/mq,,68.8,77.4,medium
152,9,18,CiViC,CiViC Multicolor,White,AIE3,30x30 cm,9 mm,"Matt
RT R10 B",€/mq,,56.9,64.0,medium
153,9,18,CiViC,CiViC Multicolor,White,AIFI,,9 mm,"Matt
RT R10 B",€/mq,,76.9,86.5,low
154,9,18,CiViC,CiViC Multicolor,Cold,AIX4,60x60 cm,9 mm,"Matt
RT R10 B",€/mq,,68.8,77.4,medium
155,9,18,CiViC,CiViC Multicolor,Cold,AIE4,30x30 cm,9 mm,"Matt
RT R10 B",€/mq,,56.9,64.0,medium
156,9,18,CiViC,CiViC Multicolor,Cold,AIFJ,,9 mm,"Matt
RT R10 B",€/mq,,76.9,86.5,low
157,9,18,CiViC,CiViC Multicolor,Black,AIX5,60x60 cm,9 mm,"Matt
RT R10 B",€/mq,,71.8,80.8,medium
158,9,18,CiViC,CiViC Multicolor,Black,AIE5,30x30 cm,9 mm,"Matt
RT R10 B",€/mq,,59.8,67.25,medium
159,9,18,CiViC,CiViC Multicolor,Black,AIFK,,9 mm,"Matt
RT R10 B",€/mq,,79.8,89.75,low
160,10,19,CiViC,CiViC accessories,Sable,AIHD,"7,2x60 cm",,,€/pz,11.45,,,medium
161,10,19,CiViC,CiViC accessories,Sable,AIIG,33x120 cm,,,€/pz,228.6,,,medium
162,10,19,CiViC,CiViC accessories,Sable,AIIB,33x60 cm,,,€/pz,110.55,,,medium
163,10,19,CiViC,CiViC accessories,Sable,AIIL,33x33 cm,,,€/pz,135.1,,,medium
164,10,19,CiViC,CiViC accessories,Plinth,AIHF,"7,2x60 cm",,,€/pz,11.45,,,medium
165,10,19,CiViC,CiViC accessories,Plinth,AIII,33x120 cm,,,€/pz,228.6,,,medium
166,10,19,CiViC,CiViC accessories,Plinth,AIID,33x60 cm,,,€/pz,110.55,,,medium
167,10,19,CiViC,CiViC accessories,Plinth,AIIN,33x33 cm,,,€/pz,135.1,,,medium
168,10,19,CiViC,CiViC accessories,Fusion,AIHE,"7,2x60 cm",,,€/pz,11.45,,,medium
169,10,19,CiViC,CiViC accessories,Fusion,AIIH,33x120 cm,,,€/pz,228.6,,,medium
170,10,19,CiViC,CiViC accessories,Fusion,AIIC,33x60 cm,,,€/pz,110.55,,,medium
171,10,19,CiViC,CiViC accessories,Fusion,AIIM,33x33 cm,,,€/pz,135.1,,,medium
172,10,19,CiViC,CiViC accessories,Clear,AIHC,"7,2x60 cm",,,€/pz,11.45,,,medium
173,10,19,CiViC,CiViC accessories,Clear,AIIF,33x120 cm,,,€/pz,228.6,,,medium
174,10,19,CiViC,CiViC accessories,Clear,AIIA,33x60 cm,,,€/pz,110.55,,,medium
175,10,19,CiViC,CiViC accessories,Clear,AIIK,33x33 cm,,,€/pz,135.1,,,medium
176,10,19,CiViC,CiViC accessories,Silent,AIHG,"7,2x60 cm",,,€/pz,11.45,,,medium
177,10,19,CiViC,CiViC accessories,Silent,AIIJ,33x120 cm,,,€/pz,228.6,,,medium
178,10,19,CiViC,CiViC accessories,Silent,AIIE,33x60 cm,,,€/pz,110.55,,,medium
179,10,19,CiViC,CiViC accessories,Silent,AIIO,33x33 cm,,,€/pz,135.1,,,medium
180,11,20,CiViC,CiViC Straight / Composizione M,Sable,AIHP,60x120 cm,,,€/mq,171.8,,,medium
181,11,20,CiViC,CiViC Straight / Composizione M,Sable,AIHK,30x30 cm,,,€/mq,194.9,,,medium
182,11,20,CiViC,CiViC Straight / Composizione M,Plinth,AIHR,60x120 cm,,,€/mq,171.8,,,medium
183,11,20,CiViC,CiViC Straight / Composizione M,Plinth,AIHM,30x30 cm,,,€/mq,194.9,,,medium
184,11,20,CiViC,CiViC Straight / Composizione M,Fusion,AIHQ,60x120 cm,,,€/mq,171.8,,,medium
185,11,20,CiViC,CiViC Straight / Composizione M,Fusion,AIHL,30x30 cm,,,€/mq,194.9,,,medium
186,11,20,CiViC,CiViC Straight / Composizione M,Clear,AIHO,60x120 cm,,,€/mq,171.8,,,medium
187,11,20,CiViC,CiViC Straight / Composizione M,Clear,AIHJ,30x30 cm,,,€/mq,194.9,,,medium
188,11,20,CiViC,CiViC Straight / Composizione M,Silent,AIHS,60x120 cm,,,€/mq,171.8,,,medium
189,11,20,CiViC,CiViC Straight / Composizione M,Silent,AIHN,30x30 cm,,,€/mq,194.9,,,medium
190,12,21,CiViC,CiViC Circle / Insquare,1. (Clear + Silent),AII4,60x60 cm,,,€/mq,215.0,,,medium
191,12,21,CiViC,CiViC Circle / Insquare,2. (Silent + Clear),AII5,60x60 cm,,,€/mq,215.0,,,medium
192,12,21,CiViC,CiViC Circle / Insquare,3. (Clear + Multicolor White),AII6,60x60 cm,,,€/mq,215.0,,,medium
193,12,21,CiViC,CiViC Circle / Insquare,4. (Sable + Multicolor Warm),AII7,60x60 cm,,,€/mq,215.0,,,medium
194,12,21,CiViC,CiViC Circle / Insquare,5. (Plinth + Multicolor Cold),AII8,60x60 cm,,,€/mq,215.0,,,medium
195,12,21,CiViC,CiViC Circle / Insquare,Clear (Clear + Silent),AIG0,60x60 cm,,,€/mq,66.5,,,medium
196,12,21,CiViC,CiViC Circle / Insquare,Clear (Clear + Silent),AIHH,,,,€/mq,85.0,,,low
197,12,21,CiViC,CiViC Circle / Insquare,Silent (Silent + Clear),AIG1,60x60 cm,,,€/mq,66.5,,,medium
198,12,21,CiViC,CiViC Circle / Insquare,Silent (Silent + Clear),AIHI,,,,€/mq,85.0,,,low
199,14,28,Histoire,Histoire base tiles,Arras,AHS3,,9 mm,"Matt
RT R10 B",€/mq,,63.65,71.6,low
200,14,28,Histoire,Histoire base tiles,Arras,AHS8,,9 mm,"Grip
RT R11 C",€/mq,,66.85,75.2,low
201,14,28,Histoire,Histoire base tiles,Arras,AHTG,,9 mm,"Matt
RT R10 B",€/mq,,53.05,59.7,low
202,14,28,Histoire,Histoire base tiles,Arras,AHTL,,9 mm,"Matt
RT R10 B",€/mq,,44.1,49.6,low
203,14,28,Histoire,Histoire base tiles,Artois,AHS4,,9 mm,"Matt
RT R10 B",€/mq,,63.65,71.6,low
204,14,28,Histoire,Histoire base tiles,Artois,AHS9,,9 mm,"Grip
RT R11 C",€/mq,,66.85,75.2,low
205,14,28,Histoire,Histoire base tiles,Artois,AHTV,,9 mm,"Matt
RT R10 B",€/mq,,62.05,69.85,low
206,14,28,Histoire,Histoire base tiles,Artois,AHTH,,9 mm,"Matt
RT R10 B",€/mq,,53.05,59.7,low
207,14,28,Histoire,Histoire base tiles,Artois,AHTM,,9 mm,"Matt
RT R10 B",€/mq,,44.1,49.6,low
208,14,28,Histoire,Histoire base tiles,Artois,AHT1,,20 mm,"Aextra20
RT R11 C",€/mq,,100.75,113.3,low
209,14,28,Histoire,Histoire base tiles,Artois,AHTY,,20 mm,"Aextra20
RT R11 C",€/mq,,91.9,103.35,low
210,14,28,Histoire,Histoire base tiles,Beaune,AHS5,,9 mm,"Matt
RT R10 B",€/mq,,63.65,71.6,low
211,14,28,Histoire,Histoire base tiles,Beaune,AHTA,,9 mm,"Grip
RT R11 C",€/mq,,66.85,75.2,low
212,14,28,Histoire,Histoire base tiles,Beaune,AHTW,,9 mm,"Matt
RT R10 B",€/mq,,62.05,69.85,low
213,14,28,Histoire,Histoire base tiles,Beaune,AHTI,,9 mm,"Matt
RT R10 B",€/mq,,53.05,59.7,low
214,14,28,Histoire,Histoire base tiles,Beaune,AHTN,,9 mm,"Matt
RT R10 B",€/mq,,44.1,49.6,low
215,14,28,Histoire,Histoire base tiles,Beaune,AHT2,,20 mm,"Aextra20
RT R11 C",€/mq,,100.75,113.3,low
216,14,28,Histoire,Histoire base tiles,Beaune,AHTZ,,20 mm,"Aextra20
RT R11 C",€/mq,,91.9,103.35,low
217,14,28,Histoire,Histoire base tiles,Reims,AHS6,,9 mm,"Matt
RT R10 B",€/mq,,66.85,75.2,low
218,14,28,Histoire,Histoire base tiles,Reims,AHTB,,9 mm,"Grip
RT R11 C",€/mq,,70.2,78.95,low
219,14,28,Histoire,Histoire base tiles,Reims,AHTX,,9 mm,"Matt
RT R10 B",€/mq,,65.05,73.3,low
220,14,28,Histoire,Histoire base tiles,Reims,AHTJ,,9 mm,"Matt
RT R10 B",€/mq,,55.7,62.05,low
221,14,28,Histoire,Histoire base tiles,Reims,AHTO,,9 mm,"Matt
RT R10 B",€/mq,,46.3,52.05,low
222,14,28,Histoire,Histoire base tiles,Reims,AHT3,,20 mm,"Aextra20
RT R11 C",€/mq,,105.8,119.0,low
223,14,28,Histoire,Histoire base tiles,Reims,AHT0,,20 mm,"Aextra20
RT R11 C",€/mq,,96.45,108.5,low
224,14,28,Histoire,Histoire base tiles,Auxerre,AHS7,,9 mm,"Matt
RT R10 B",€/mq,,66.85,75.2,low
225,14,28,Histoire,Histoire base tiles,Auxerre,AHTC,,9 mm,"Grip
RT R11 C",€/mq,,70.2,78.95,low
226,14,28,Histoire,Histoire base tiles,Auxerre,AHTK,,9 mm,"Matt
RT R10 B",€/mq,,55.7,62.05,low
227,14,28,Histoire,Histoire base tiles,Auxerre,AHTP,,9 mm,"Matt
RT R10 B",€/mq,,46.3,52.05,low
228,15,29,Histoire,Histoire accessories and mosaics,Arras,AH02,"7,2x60 cm",,,€/pz,11.45,,,medium
229,15,29,Histoire,Histoire accessories and mosaics,Arras,AID1,33x120 cm,,,€/pz,228.6,,,medium
230,15,29,Histoire,Histoire accessories and mosaics,Arras,AID6,33x60 cm,,,€/pz,110.55,,,medium
231,15,29,Histoire,Histoire accessories and mosaics,Arras,AIDW,33x33 cm,,,€/pz,135.1,,,medium
232,15,29,Histoire,Histoire accessories and mosaics,Artois,AH03,"7,2x60 cm",,,€/pz,11.45,,,medium
233,15,29,Histoire,Histoire accessories and mosaics,Artois,AID2,33x120 cm,,,€/pz,228.6,,,medium
234,15,29,Histoire,Histoire accessories and mosaics,Artois,AID7,33x60 cm,,,€/pz,110.55,,,medium
235,15,29,Histoire,Histoire accessories and mosaics,Artois,AIDX,33x33 cm,,,€/pz,135.1,,,medium
236,15,29,Histoire,Histoire accessories and mosaics,Beaune,AH04,"7,2x60 cm",,,€/pz,11.45,,,medium
237,15,29,Histoire,Histoire accessories and mosaics,Beaune,AID3,33x120 cm,,,€/pz,228.6,,,medium
238,15,29,Histoire,Histoire accessories and mosaics,Beaune,AID8,33x60 cm,,,€/pz,110.55,,,medium
239,15,29,Histoire,Histoire accessories and mosaics,Beaune,AIDY,33x33 cm,,,€/pz,135.1,,,medium
240,15,29,Histoire,Histoire accessories and mosaics,Reims,AH05,"7,2x60 cm",,,€/pz,11.45,,,medium
241,15,29,Histoire,Histoire accessories and mosaics,Reims,AID4,33x120 cm,,,€/pz,228.6,,,medium
242,15,29,Histoire,Histoire accessories and mosaics,Reims,AID9,33x60 cm,,,€/pz,110.55,,,medium
243,15,29,Histoire,Histoire accessories and mosaics,Reims,AIDZ,33x33 cm,,,€/pz,135.1,,,medium
244,15,29,Histoire,Histoire accessories and mosaics,Auxerre,AH06,"7,2x60 cm",,,€/pz,11.45,,,medium
245,15,29,Histoire,Histoire accessories and mosaics,Auxerre,AID5,33x120 cm,,,€/pz,228.6,,,medium
246,15,29,Histoire,Histoire accessories and mosaics,Auxerre,AIEA,33x60 cm,,,€/pz,110.55,,,medium
247,15,29,Histoire,Histoire accessories and mosaics,Auxerre,AID0,33x33 cm,,,€/pz,135.1,,,medium
248,15,29,Histoire,Histoire accessories and mosaics,Arras,AHXM,30x30 cm,,,€/mq,175.35,,,medium
249,15,29,Histoire,Histoire accessories and mosaics,Arras,AHXG,30x30 cm,,,€/mq,197.75,,,medium
250,15,29,Histoire,Histoire accessories and mosaics,Arras,AHXB,30x30 cm,,,€/mq,247.2,,,medium
251,15,29,Histoire,Histoire accessories and mosaics,Artois,AHXN,30x30 cm,,,€/mq,175.35,,,medium
252,15,29,Histoire,Histoire accessories and mosaics,Artois,AHXH,30x30 cm,,,€/mq,197.75,,,medium
253,15,29,Histoire,Histoire accessories and mosaics,Artois,AHXC,30x30 cm,,,€/mq,247.2,,,medium
254,15,29,Histoire,Histoire accessories and mosaics,Beaune,AHXO,30x30 cm,,,€/mq,175.35,,,medium
255,15,29,Histoire,Histoire accessories and mosaics,Beaune,AHXI,30x30 cm,,,€/mq,197.75,,,medium
256,15,29,Histoire,Histoire accessories and mosaics,Beaune,AHXD,30x30 cm,,,€/mq,247.2,,,medium
257,15,29,Histoire,Histoire accessories and mosaics,Reims,AHXP,30x30 cm,,,€/mq,175.35,,,medium
258,15,29,Histoire,Histoire accessories and mosaics,Reims,AHXK,30x30 cm,,,€/mq,197.75,,,medium
259,15,29,Histoire,Histoire accessories and mosaics,Reims,AHXE,30x30 cm,,,€/mq,247.2,,,medium
260,15,29,Histoire,Histoire accessories and mosaics,Auxerre,AHXQ,30x30 cm,,,€/mq,175.35,,,medium
261,15,29,Histoire,Histoire accessories and mosaics,Auxerre,AHXL,30x30 cm,,,€/mq,197.75,,,medium
262,15,29,Histoire,Histoire accessories and mosaics,Auxerre,AHXF,30x30 cm,,,€/mq,247.2,,,medium
263,16,34,I.mat,I.mat base tiles,Area,AF3K,80x80 cm,9 mm,"Matt
RT R10 B",€/mq,,79.35,89.35,medium
264,16,34,I.mat,I.mat base tiles,Area,AF3F,20x80 cm,9 mm,"Matt
RT R10 B",€/mq,,65.55,73.75,medium
265,16,34,I.mat,I.mat base tiles,Area,AF5N,80x80 cm,9 mm,"Matt
RT R10 B",€/mq,,84.4,95.0,medium
266,16,34,I.mat,I.mat base tiles,Area,AF1Q,60x60 cm,20 mm,"Aextra20
RT R11 C",€/mq,,106.95,123.0,medium
267,16,34,I.mat,I.mat base tiles,Ratio,AF3J,80x80 cm,9 mm,"Matt
RT R10 B",€/mq,,79.35,89.35,medium
268,16,34,I.mat,I.mat base tiles,Ratio,AF3E,20x80 cm,9 mm,"Matt
RT R10 B",€/mq,,65.55,73.75,medium
269,16,34,I.mat,I.mat base tiles,Ratio,AF5M,80x80 cm,9 mm,"Matt
RT R10 B",€/mq,,84.4,95.0,medium
270,16,34,I.mat,I.mat base tiles,Square,AF3M,80x80 cm,9 mm,"Matt
RT R10 B",€/mq,,79.35,89.35,medium
271,16,34,I.mat,I.mat base tiles,Square,AF3H,20x80 cm,9 mm,"Matt
RT R10 B",€/mq,,65.55,73.75,medium
272,16,34,I.mat,I.mat base tiles,Square,AF5P,80x80 cm,9 mm,"Matt
RT R10 B",€/mq,,84.4,95.0,medium
273,16,34,I.mat,I.mat base tiles,Square,AF1R,60x60 cm,20 mm,"Aextra20
RT R11 C",€/mq,,106.95,123.0,medium
274,16,34,I.mat,I.mat base tiles,Rule,AF3L,80x80 cm,9 mm,"Matt
RT R10 B",€/mq,,83.45,93.95,medium
275,16,34,I.mat,I.mat base tiles,Rule,AF3G,20x80 cm,9 mm,"Matt
RT R10 B",€/mq,,69.55,78.2,medium
276,16,34,I.mat,I.mat base tiles,Rule,AF5O,80x80 cm,9 mm,"Matt
RT R10 B",€/mq,,89.0,100.1,medium
277,16,34,I.mat,I.mat base tiles,Cube,AF3N,80x80 cm,9 mm,"Matt
RT R10 B",€/mq,,83.45,93.95,medium
278,16,34,I.mat,I.mat base tiles,Cube,AF3I,20x80 cm,9 mm,"Matt
RT R10 B",€/mq,,69.55,78.2,medium
279,16,34,I.mat,I.mat base tiles,Cube,AF5Q,80x80 cm,9 mm,"Matt
RT R10 B",€/mq,,89.0,100.1,medium
280,16,34,I.mat,I.mat base tiles,Cube,AF1S,60x60 cm,20 mm,"Aextra20
RT R11 C",€/mq,,106.95,123.0,medium
281,16,34,I.mat,I.mat base tiles,Cube,AG00,,30 mm,"Aextra30
RT R11 C",€/mq,,117.9,135.55,low
282,17,35,I.mat,I.mat accessories and mosaics,Area,AF90,"7,2x80 cm",,,€/pz,17.55,,,medium
283,17,35,I.mat,I.mat accessories and mosaics,Area,AF9V,"7,2x60 cm",,,€/pz,11.35,,,medium
284,17,35,I.mat,I.mat accessories and mosaics,Area,AF9B,33x80 cm,,,€/pz,142.9,,,medium
285,17,35,I.mat,I.mat accessories and mosaics,Area,AF9G,33x33 cm,,,€/pz,135.1,,,medium
286,17,35,I.mat,I.mat accessories and mosaics,Ratio,AF9Z,"7,2x80 cm",,,€/pz,17.55,,,medium
287,17,35,I.mat,I.mat accessories and mosaics,Ratio,AF9U,"7,2x60 cm",,,€/pz,11.35,,,medium
288,17,35,I.mat,I.mat accessories and mosaics,Ratio,AF9A,33x80 cm,,,€/pz,142.9,,,medium
289,17,35,I.mat,I.mat accessories and mosaics,Ratio,AF9F,33x33 cm,,,€/pz,135.1,,,medium
290,17,35,I.mat,I.mat accessories and mosaics,Square,AF92,"7,2x80 cm",,,€/pz,17.55,,,medium
291,17,35,I.mat,I.mat accessories and mosaics,Square,AF9X,"7,2x60 cm",,,€/pz,11.35,,,medium
292,17,35,I.mat,I.mat accessories and mosaics,Square,AF9D,33x80 cm,,,€/pz,142.9,,,medium
293,17,35,I.mat,I.mat accessories and mosaics,Square,AF9I,33x33 cm,,,€/pz,135.1,,,medium
294,17,35,I.mat,I.mat accessories and mosaics,Rule,AF91,"7,2x80 cm",,,€/pz,17.55,,,medium
295,17,35,I.mat,I.mat accessories and mosaics,Rule,AF9W,"7,2x60 cm",,,€/pz,11.35,,,medium
296,17,35,I.mat,I.mat accessories and mosaics,Rule,AF9C,33x80 cm,,,€/pz,142.9,,,medium
297,17,35,I.mat,I.mat accessories and mosaics,Rule,AF9H,33x33 cm,,,€/pz,135.1,,,medium
298,17,35,I.mat,I.mat accessories and mosaics,Cube,AF93,"7,2x80 cm",,,€/pz,17.55,,,medium
299,17,35,I.mat,I.mat accessories and mosaics,Cube,AF9Y,"7,2x60 cm",,,€/pz,11.35,,,medium
300,17,35,I.mat,I.mat accessories and mosaics,Cube,AF9E,33x80 cm,,,€/pz,142.9,,,medium
301,17,35,I.mat,I.mat accessories and mosaics,Cube,AF9J,33x33 cm,,,€/pz,135.1,,,medium
302,17,35,I.mat,I.mat accessories and mosaics,Area,AIWS,32x54 cm,,Matt,€/mq,236.9,,,medium
303,17,35,I.mat,I.mat accessories and mosaics,Area,AF9Q,30x30 cm,,Matt,€/mq,175.35,,,medium
304,17,35,I.mat,I.mat accessories and mosaics,Ratio,AIWR,32x54 cm,,Matt,€/mq,236.9,,,medium
305,17,35,I.mat,I.mat accessories and mosaics,Ratio,AF9P,30x30 cm,,Matt,€/mq,175.35,,,medium
306,17,35,I.mat,I.mat accessories and mosaics,Square,AIWU,32x54 cm,,Matt,€/mq,236.9,,,medium
307,17,35,I.mat,I.mat accessories and mosaics,Square,AF9S,30x30 cm,,Matt,€/mq,175.35,,,medium
308,17,35,I.mat,I.mat accessories and mosaics,Rule,AIWT,32x54 cm,,Matt,€/mq,236.9,,,medium
309,17,35,I.mat,I.mat accessories and mosaics,Rule,AF9R,30x30 cm,,Matt,€/mq,175.35,,,medium
310,17,35,I.mat,I.mat accessories and mosaics,Cube,AIWV,32x54 cm,,Matt,€/mq,236.9,,,medium
311,17,35,I.mat,I.mat accessories and mosaics,Cube,AF9T,30x30 cm,,Matt,€/mq,175.35,,,medium
312,18,38,Join,Join base tiles large formats,Candle,AHHX,,6 mm,"Matt
RT",€/mq,,111.35,122.5,low
313,18,38,Join,Join base tiles large formats,Candle,AHNP,,6 mm,"Matt
RT R10 A",€/mq,,78.8,88.65,low
314,18,38,Join,Join base tiles large formats,Candle,AFIM,,9 mm,"Soft
RT",€/mq,,78.8,88.65,low
315,18,38,Join,Join base tiles large formats,Candle,AFIN,,,"Matt
RT R10 B",€/mq,,78.8,88.65,low
316,18,38,Join,Join base tiles large formats,Candle,AHGT,,,"Grip
RT R11C",€/mq,,82.75,93.1,low
317,18,38,Join,Join base tiles large formats,Candle,AFI8,,9 mm,"Soft
RT",€/mq,,64.4,72.4,low
318,18,38,Join,Join base tiles large formats,Candle,AFI4,,,"Matt
RT R10 B",€/mq,,64.4,72.4,low
319,18,38,Join,Join base tiles large formats,Candle,AEZF,,9 mm,"Soft
RT",€/mq,,65.4,73.6,low
320,18,38,Join,Join base tiles large formats,Candle,AFIE,,,"Matt
RT R10 B",€/mq,,65.4,73.6,low
321,18,38,Join,Join base tiles large formats,Candle,AHG2,,,"Grip
RT R11 C",€/mq,,68.65,77.25,low
322,18,38,Join,Join base tiles large formats,Ivory,AHF1,,9 mm,"Soft
RT",€/mq,,78.8,88.65,low
323,18,38,Join,Join base tiles large formats,Ivory,AHGM,,,"Matt
RT R10 B",€/mq,,78.8,88.65,low
324,18,38,Join,Join base tiles large formats,Ivory,AHGU,,,"Grip
RT R11C",€/mq,,82.75,93.1,low
325,18,38,Join,Join base tiles large formats,Ivory,AHFV,,9 mm,"Soft
RT",€/mq,,64.4,72.4,low
326,18,38,Join,Join base tiles large formats,Ivory,AHGF,,,"Matt
RT R10 B",€/mq,,64.4,72.4,low
327,18,38,Join,Join base tiles large formats,Ivory,AHD7,,9 mm,"Soft
RT",€/mq,,65.4,73.6,low
328,18,38,Join,Join base tiles large formats,Ivory,AHD0,,,"Matt
RT R10 B",€/mq,,65.4,73.6,low
329,18,38,Join,Join base tiles large formats,Ivory,AHG3,,,"Grip
RT R11 C",€/mq,,68.65,77.25,low
330,18,38,Join,Join base tiles large formats,Ginger,AHHY,,6 mm,"Matt
RT",€/mq,,111.35,122.5,low
331,18,38,Join,Join base tiles large formats,Ginger,AHNQ,,6 mm,"Matt
RT R10 A",€/mq,,78.8,88.65,low
332,18,38,Join,Join base tiles large formats,Ginger,AHF2,,9 mm,"Soft
RT",€/mq,,78.8,88.65,low
333,18,38,Join,Join base tiles large formats,Ginger,AHGN,,,"Matt
RT R10 B",€/mq,,78.8,88.65,low
334,18,38,Join,Join base tiles large formats,Ginger,AHGV,,,"Grip
RT R11C",€/mq,,82.75,93.1,low
335,18,38,Join,Join base tiles large formats,Ginger,AHFW,,9 mm,"Soft
RT",€/mq,,64.4,72.4,low
336,18,38,Join,Join base tiles large formats,Ginger,AHGI,,,"Matt
RT R10 B",€/mq,,64.4,72.4,low
337,18,38,Join,Join base tiles large formats,Ginger,AHD8,,9 mm,"Soft
RT",€/mq,,65.4,73.6,low
338,18,38,Join,Join base tiles large formats,Ginger,AHD1,,,"Matt
RT R10 B",€/mq,,65.4,73.6,low
339,18,38,Join,Join base tiles large formats,Ginger,AHG4,,,"Grip
RT R11 C",€/mq,,68.65,77.25,low
340,18,38,Join,Join base tiles large formats,Wing,AEZC,,6 mm,"Matt
RT",€/mq,,111.35,122.5,low
341,18,38,Join,Join base tiles large formats,Wing,AHNR,,6 mm,"Matt
RT R10 A",€/mq,,78.8,88.65,low
342,18,38,Join,Join base tiles large formats,Wing,AFCF,,9 mm,"Soft
RT",€/mq,,78.8,88.65,low
343,18,38,Join,Join base tiles large formats,Wing,AFDJ,,,"Matt
RT R10 B",€/mq,,78.8,88.65,low
344,18,38,Join,Join base tiles large formats,Wing,AHGW,,,"Grip
RT R11C",€/mq,,82.75,93.1,low
345,18,38,Join,Join base tiles large formats,Wing,AFI9,,9 mm,"Soft
RT",€/mq,,64.4,72.4,low
346,18,38,Join,Join base tiles large formats,Wing,AFI3,,,"Matt
RT R10 B",€/mq,,64.4,72.4,low
347,18,38,Join,Join base tiles large formats,Wing,AEZG,,9 mm,"Soft
RT",€/mq,,65.4,73.6,low
348,18,38,Join,Join base tiles large formats,Wing,AFB6,,,"Matt
RT R10 B",€/mq,,65.4,73.6,low
349,18,38,Join,Join base tiles large formats,Wing,AHG5,,,"Grip
RT R11 C",€/mq,,68.65,77.25,low
350,18,38,Join,Join base tiles large formats,Levity,AEZD,,6 mm,"Matt
RT",€/mq,,111.35,122.5,low
351,18,38,Join,Join base tiles large formats,Levity,AHNM,,6 mm,"Matt
RT R10 A",€/mq,,78.8,88.65,low
352,18,38,Join,Join base tiles large formats,Levity,AFCG,,9 mm,"Soft
RT",€/mq,,78.8,88.65,low
353,18,38,Join,Join base tiles large formats,Levity,AFDK,,,"Matt
RT R10 B",€/mq,,78.8,88.65,low
354,18,38,Join,Join base tiles large formats,Levity,AHGP,,,"Grip
RT R11C",€/mq,,82.75,93.1,low
355,18,38,Join,Join base tiles large formats,Levity,AFJA,,9 mm,"Soft
RT",€/mq,,64.4,72.4,low
356,18,38,Join,Join base tiles large formats,Levity,AFI5,,,"Matt
RT R10 B",€/mq,,64.4,72.4,low
357,18,38,Join,Join base tiles large formats,Levity,AEZH,,9 mm,"Soft
RT",€/mq,,65.4,73.6,low
358,18,38,Join,Join base tiles large formats,Levity,AFB8,,,"Matt
RT R10 B",€/mq,,65.4,73.6,low
359,18,38,Join,Join base tiles large formats,Levity,AHGY,,,"Grip
RT R11 C",€/mq,,68.65,77.25,low
360,18,38,Join,Join base tiles large formats,Manor,AFCH,,9 mm,"Soft
RT",€/mq,,78.8,88.65,low
361,18,38,Join,Join base tiles large formats,Manor,AFDL,,,"Matt
RT R10 B",€/mq,,78.8,88.65,low
362,18,38,Join,Join base tiles large formats,Manor,AHGX,,,"Grip
RT R11C",€/mq,,82.75,93.1,low
363,18,38,Join,Join base tiles large formats,Manor,AFJB,,9 mm,"Soft
RT",€/mq,,64.4,72.4,low
364,18,38,Join,Join base tiles large formats,Manor,AFI6,,,"Matt
RT R10 B",€/mq,,64.4,72.4,low
365,18,38,Join,Join base tiles large formats,Manor,AEZI,,9 mm,"Soft
RT",€/mq,,65.4,73.6,low
366,18,38,Join,Join base tiles large formats,Manor,AFCA,,,"Matt
RT R10 B",€/mq,,65.4,73.6,low
367,18,38,Join,Join base tiles large formats,Manor,AHG6,,,"Grip
RT R11 C",€/mq,,68.65,77.25,low
368,18,38,Join,Join base tiles large formats,Plati- num,AHFZ,,9 mm,"Soft
RT",€/mq,,78.8,88.65,low
369,18,38,Join,Join base tiles large formats,Plati- num,AHGK,,,"Matt
RT R10 B",€/mq,,78.8,88.65,low
370,18,38,Join,Join base tiles large formats,Plati- num,AHGQ,,,"Grip
RT R11C",€/mq,,82.75,93.1,low
371,18,38,Join,Join base tiles large formats,Plati- num,AHFT,,9 mm,"Soft
RT",€/mq,,64.4,72.4,low
372,18,38,Join,Join base tiles large formats,Plati- num,AHGE,,,"Matt
RT R10 B",€/mq,,64.4,72.4,low
373,18,38,Join,Join base tiles large formats,Plati- num,AHD5,,9 mm,"Soft
RT",€/mq,,65.4,73.6,low
374,18,38,Join,Join base tiles large formats,Plati- num,AHDY,,,"Matt
RT R10 B",€/mq,,65.4,73.6,low
375,18,38,Join,Join base tiles large formats,Plati- num,AHGZ,,,"Grip
RT R11 C",€/mq,,68.65,77.25,low
376,18,38,Join,Join base tiles large formats,Plume,AHFY,,9 mm,"Soft
RT",€/mq,,78.8,88.65,low
377,18,38,Join,Join base tiles large formats,Plume,AHGJ,,,"Matt
RT R10 B",€/mq,,78.8,88.65,low
378,18,38,Join,Join base tiles large formats,Plume,AHD4,,9 mm,"Soft
RT",€/mq,,65.4,73.6,low
379,18,38,Join,Join base tiles large formats,Plume,AHDX,,,"Matt
RT R10 B",€/mq,,65.4,73.6,low
380,18,38,Join,Join base tiles large formats,Glare,AEZB,,6 mm,"Matt
RT",€/mq,,116.5,128.1,low
381,18,38,Join,Join base tiles large formats,Glare,AHNN,,6 mm,"Matt
RT R10 A",€/mq,,81.65,91.8,low
382,18,38,Join,Join base tiles large formats,Glare,AFCE,,9 mm,"Soft
RT",€/mq,,81.65,91.8,low
383,18,38,Join,Join base tiles large formats,Glare,AFDI,,,"Matt
RT R10 B",€/mq,,81.65,91.8,low
384,18,38,Join,Join base tiles large formats,Glare,AHGR,,,"Grip
RT R11C",€/mq,,85.7,96.4,low
385,18,38,Join,Join base tiles large formats,Glare,AFI7,,9 mm,"Soft
RT",€/mq,,67.6,76.05,low
386,18,38,Join,Join base tiles large formats,Glare,AFI2,,,"Matt
RT R10 B",€/mq,,67.6,76.05,low
387,18,38,Join,Join base tiles large formats,Glare,AEZE,,9 mm,"Soft
RT",€/mq,,67.85,76.3,low
388,18,38,Join,Join base tiles large formats,Glare,AFB3,,,"Matt
RT R10 B",€/mq,,67.85,76.3,low
389,18,38,Join,Join base tiles large formats,Glare,AHG0,,,"Grip
RT R11 C",€/mq,,74.45,83.8,low
390,18,38,Join,Join base tiles large formats,Moon,AHHW,,6 mm,"Matt
RT",€/mq,,116.5,128.1,low
391,18,38,Join,Join base tiles large formats,Moon,AHNO,,6 mm,"Matt
RT R10 A",€/mq,,81.65,91.8,low
392,18,38,Join,Join base tiles large formats,Moon,AHF0,,9 mm,"Soft
RT",€/mq,,81.65,91.8,low
393,18,38,Join,Join base tiles large formats,Moon,AHGL,,,"Matt
RT R10 B",€/mq,,81.65,91.8,low
394,18,38,Join,Join base tiles large formats,Moon,AHGS,,,"Grip
RT R11C",€/mq,,85.7,96.4,low
395,18,38,Join,Join base tiles large formats,Moon,AHFU,,9 mm,"Soft
RT",€/mq,,67.6,76.05,low
396,18,38,Join,Join base tiles large formats,Moon,AHGG,,,"Matt
RT R10 B",€/mq,,67.6,76.05,low
397,18,38,Join,Join base tiles large formats,Moon,AHD6,,9 mm,"Soft
RT",€/mq,,67.85,76.3,low
398,18,38,Join,Join base tiles large formats,Moon,AHDZ,,,"Matt
RT R10 B",€/mq,,67.85,76.3,low
399,18,38,Join,Join base tiles large formats,Moon,AHG1,,,"Grip
RT R11 C",€/mq,,74.45,83.8,low
400,18,38,Join,Join base tiles large formats,Chim- ney,AHFX,,9 mm,"Soft
RT",€/mq,,81.65,91.8,low
401,18,38,Join,Join base tiles large formats,Chim- ney,AHGH,,,"Matt
RT R10 B",€/mq,,81.65,91.8,low
402,18,38,Join,Join base tiles large formats,Chim- ney,AHD3,,9 mm,"Soft
RT",€/mq,,67.85,76.3,low
403,18,38,Join,Join base tiles large formats,Chim- ney,AHDW,,,"Matt
RT R10 B",€/mq,,67.85,76.3,low
404,18,38,Join,Join base tiles large formats,Mocha,AHF3,,9 mm,"Soft
RT",€/mq,,81.65,91.8,low
405,18,38,Join,Join base tiles large formats,Mocha,AHGO,,,"Matt
RT R10 B",€/mq,,81.65,91.8,low
406,18,38,Join,Join base tiles large formats,Mocha,AHD9,,9 mm,"Soft
RT",€/mq,,67.85,76.3,low
407,18,38,Join,Join base tiles large formats,Mocha,AHD2,,,"Matt
RT R10 B",€/mq,,67.85,76.3,low
408,19,39,Join,Join base tiles small formats / Aextra20,Candle,AEZV,,9 mm,"Soft
RT",€/mq,,53.75,60.5,low
409,19,39,Join,Join base tiles small formats / Aextra20,Candle,AEZX,,,"Matt
RT R10 B",€/mq,,53.75,60.5,low
410,19,39,Join,Join base tiles small formats / Aextra20,Candle,AEZW,,9 mm,"Soft
RT",€/mq,,45.0,50.6,low
411,19,39,Join,Join base tiles small formats / Aextra20,Candle,AEZY,,,"Matt
RT R10 B",€/mq,,45.0,50.6,low
412,19,39,Join,Join base tiles small formats / Aextra20,Candle,AFBD,,9 mm,"Soft
RT",€/mq,,74.35,83.7,low
413,19,39,Join,Join base tiles small formats / Aextra20,Candle,AFDN,,,"Matt
RT R10 B",€/mq,,74.35,83.7,low
414,19,39,Join,Join base tiles small formats / Aextra20,Candle,AHUX,,"8,5 mm","Soft
NR",€/mq,,72.1,81.1,low
415,19,39,Join,Join base tiles small formats / Aextra20,Candle,AHE7,,20 mm,"Aextra20
RT R11 C",€/mq,,137.8,158.5,low
416,19,39,Join,Join base tiles small formats / Aextra20,Candle,AHEH,,20 mm,"Aextra20
RT R11 C",€/mq,,92.35,106.3,low
417,19,39,Join,Join base tiles small formats / Aextra20,Ivory,AHFB,,9 mm,"Soft
RT",€/mq,,53.75,60.5,low
418,19,39,Join,Join base tiles small formats / Aextra20,Ivory,AHF6,,,"Matt
RT R10 B",€/mq,,53.75,60.5,low
419,19,39,Join,Join base tiles small formats / Aextra20,Ivory,AHFL,,9 mm,"Soft
RT",€/mq,,45.0,50.6,low
420,19,39,Join,Join base tiles small formats / Aextra20,Ivory,AHGB,,,"Matt
RT R10 B",€/mq,,45.0,50.6,low
421,19,39,Join,Join base tiles small formats / Aextra20,Ivory,AHKS,,9 mm,"Soft
RT",€/mq,,74.35,83.7,low
422,19,39,Join,Join base tiles small formats / Aextra20,Ivory,AHKN,,,"Matt
RT R10 B",€/mq,,74.35,83.7,low
423,19,39,Join,Join base tiles small formats / Aextra20,Ginger,AHFC,,9 mm,"Soft
RT",€/mq,,53.75,60.5,low
424,19,39,Join,Join base tiles small formats / Aextra20,Ginger,AHF7,,,"Matt
RT R10 B",€/mq,,53.75,60.5,low
425,19,39,Join,Join base tiles small formats / Aextra20,Ginger,AHFM,,9 mm,"Soft
RT",€/mq,,45.0,50.6,low
426,19,39,Join,Join base tiles small formats / Aextra20,Ginger,AHGC,,,"Matt
RT R10 B",€/mq,,45.0,50.6,low
427,19,39,Join,Join base tiles small formats / Aextra20,Ginger,AHKT,,9 mm,"Soft
RT",€/mq,,74.35,83.7,low
428,19,39,Join,Join base tiles small formats / Aextra20,Ginger,AHKO,,,"Matt
RT R10 B",€/mq,,74.35,83.7,low
429,19,39,Join,Join base tiles small formats / Aextra20,Ginger,AHUY,,"8,5 mm","Soft
NR",€/mq,,72.1,81.1,low
430,19,39,Join,Join base tiles small formats / Aextra20,Wing,AEZZ,,9 mm,"Soft
RT",€/mq,,53.75,60.5,low
431,19,39,Join,Join base tiles small formats / Aextra20,Wing,AEZ1,,,"Matt
RT R10 B",€/mq,,53.75,60.5,low
432,19,39,Join,Join base tiles small formats / Aextra20,Wing,AEZ0,,9 mm,"Soft
RT",€/mq,,45.0,50.6,low
433,19,39,Join,Join base tiles small formats / Aextra20,Wing,AEZ2,,,"Matt
RT R10 B",€/mq,,45.0,50.6,low
434,19,39,Join,Join base tiles small formats / Aextra20,Wing,AFBU,,9 mm,"Soft
RT",€/mq,,74.35,83.7,low
435,19,39,Join,Join base tiles small formats / Aextra20,Wing,AFDO,,,"Matt
RT R10 B",€/mq,,74.35,83.7,low
436,19,39,Join,Join base tiles small formats / Aextra20,Wing,AHE8,,20 mm,"Aextra20
RT R11 C",€/mq,,137.8,158.5,low
437,19,39,Join,Join base tiles small formats / Aextra20,Wing,AFCS,,20 mm,"Aextra20
RT R11 C",€/mq,,92.35,106.3,low
438,19,39,Join,Join base tiles small formats / Aextra20,Levity,AEZ4,,9 mm,"Soft
RT",€/mq,,53.75,60.5,low
439,19,39,Join,Join base tiles small formats / Aextra20,Levity,AEZ6,,,"Matt
RT R10 B",€/mq,,53.75,60.5,low
440,19,39,Join,Join base tiles small formats / Aextra20,Levity,AEZ5,,9 mm,"Soft
RT",€/mq,,45.0,50.6,low
441,19,39,Join,Join base tiles small formats / Aextra20,Levity,AEZ7,,,"Matt
RT R10 B",€/mq,,45.0,50.6,low
442,19,39,Join,Join base tiles small formats / Aextra20,Levity,AFBV,,9 mm,"Soft
RT",€/mq,,74.35,83.7,low
443,19,39,Join,Join base tiles small formats / Aextra20,Levity,AFDP,,,"Matt
RT R10 B",€/mq,,74.35,83.7,low
444,19,39,Join,Join base tiles small formats / Aextra20,Levity,AHUV,,"8,5 mm","Soft
NR",€/mq,,72.1,81.1,low
445,19,39,Join,Join base tiles small formats / Aextra20,Levity,AHE5,,20 mm,"Aextra20
RT R11 C",€/mq,,137.8,158.5,low
446,19,39,Join,Join base tiles small formats / Aextra20,Levity,AFCT,,20 mm,"Aextra20
RT R11 C",€/mq,,92.35,106.3,low
447,19,39,Join,Join base tiles small formats / Aextra20,Manor,AEZ9,,9 mm,"Soft
RT",€/mq,,53.75,60.5,low
448,19,39,Join,Join base tiles small formats / Aextra20,Manor,AFAB,,,"Matt
RT R10 B",€/mq,,53.75,60.5,low
449,19,39,Join,Join base tiles small formats / Aextra20,Manor,AFAA,,9 mm,"Soft
RT",€/mq,,45.0,50.6,low
450,19,39,Join,Join base tiles small formats / Aextra20,Manor,AFAC,,,"Matt
RT R10 B",€/mq,,45.0,50.6,low
451,19,39,Join,Join base tiles small formats / Aextra20,Manor,AFB0,,9 mm,"Soft
RT",€/mq,,74.35,83.7,low
452,19,39,Join,Join base tiles small formats / Aextra20,Manor,AFDQ,,,"Matt
RT R10 B",€/mq,,74.35,83.7,low
453,19,39,Join,Join base tiles small formats / Aextra20,Platinum,AHE9,,9 mm,"Soft
RT",€/mq,,53.75,60.5,low
454,19,39,Join,Join base tiles small formats / Aextra20,Platinum,AHF4,,,"Matt
RT R10 B",€/mq,,53.75,60.5,low
455,19,39,Join,Join base tiles small formats / Aextra20,Platinum,AHFF,,9 mm,"Soft
RT",€/mq,,45.0,50.6,low
456,19,39,Join,Join base tiles small formats / Aextra20,Platinum,AHF9,,,"Matt
RT R10 B",€/mq,,45.0,50.6,low
457,19,39,Join,Join base tiles small formats / Aextra20,Platinum,AHKQ,,9 mm,"Soft
RT",€/mq,,74.35,83.7,low
458,19,39,Join,Join base tiles small formats / Aextra20,Platinum,AHKL,,,"Matt
RT R10 B",€/mq,,74.35,83.7,low
459,19,39,Join,Join base tiles small formats / Aextra20,Plume,AFAD,,9 mm,"Soft
RT",€/mq,,53.75,60.5,low
460,19,39,Join,Join base tiles small formats / Aextra20,Plume,AFAF,,,"Matt
RT R10 B",€/mq,,53.75,60.5,low
461,19,39,Join,Join base tiles small formats / Aextra20,Plume,AFAE,,9 mm,"Soft
RT",€/mq,,45.0,50.6,low
462,19,39,Join,Join base tiles small formats / Aextra20,Plume,AFAG,,,"Matt
RT R10 B",€/mq,,45.0,50.6,low
463,19,39,Join,Join base tiles small formats / Aextra20,Plume,AFB1,,9 mm,"Soft
RT",€/mq,,74.35,83.7,low
464,19,39,Join,Join base tiles small formats / Aextra20,Plume,AFDR,,,"Matt
RT R10 B",€/mq,,74.35,83.7,low
465,19,39,Join,Join base tiles small formats / Aextra20,Plume,AFCU,,20 mm,"Aextra20
RT R11 C",€/mq,,92.35,106.3,low
466,19,39,Join,Join base tiles small formats / Aextra20,Glare,AEZQ,,9 mm,"Soft
RT",€/mq,,55.75,62.75,low
467,19,39,Join,Join base tiles small formats / Aextra20,Glare,AEZS,,,"Matt
RT R10 B",€/mq,,55.75,62.75,low
468,19,39,Join,Join base tiles small formats / Aextra20,Glare,AEZR,,9 mm,"Soft
RT",€/mq,,46.6,52.45,low
469,19,39,Join,Join base tiles small formats / Aextra20,Glare,AEZT,,,"Matt
RT R10 B",€/mq,,46.6,52.45,low
470,19,39,Join,Join base tiles small formats / Aextra20,Glare,AFBC,,9 mm,"Soft
RT",€/mq,,76.35,85.9,low
471,19,39,Join,Join base tiles small formats / Aextra20,Glare,AFDM,,,"Matt
RT R10 B",€/mq,,76.35,85.9,low
472,19,39,Join,Join base tiles small formats / Aextra20,Glare,AHE6,,20 mm,"Aextra20
RT R11 C",€/mq,,137.8,158.5,low
473,19,39,Join,Join base tiles small formats / Aextra20,Glare,AHEG,,20 mm,"Aextra20
RT R11 C",€/mq,,92.35,106.3,low
474,19,39,Join,Join base tiles small formats / Aextra20,Moon,AHFA,,9 mm,"Soft
RT",€/mq,,55.75,62.75,low
475,19,39,Join,Join base tiles small formats / Aextra20,Moon,AHF5,,,"Matt
RT R10 B",€/mq,,55.75,62.75,low
476,19,39,Join,Join base tiles small formats / Aextra20,Moon,AHFK,,9 mm,"Soft
RT",€/mq,,46.6,52.45,low
477,19,39,Join,Join base tiles small formats / Aextra20,Moon,AHGA,,,"Matt
RT R10 B",€/mq,,46.6,52.45,low
478,19,39,Join,Join base tiles small formats / Aextra20,Moon,AHKR,,9 mm,"Soft
RT",€/mq,,76.35,85.9,low
479,19,39,Join,Join base tiles small formats / Aextra20,Moon,AHKM,,,"Matt
RT R10 B",€/mq,,76.35,85.9,low
480,19,39,Join,Join base tiles small formats / Aextra20,Moon,AHUW,,"8,5 mm","Soft
NR",€/mq,,72.1,81.1,low
481,19,39,Join,Join base tiles small formats / Aextra20,Chimney,AFAH,,9 mm,"Soft
RT",€/mq,,55.75,62.75,low
482,19,39,Join,Join base tiles small formats / Aextra20,Chimney,AFAJ,,,"Matt
RT R10 B",€/mq,,55.75,62.75,low
483,19,39,Join,Join base tiles small formats / Aextra20,Chimney,AFAI,,9 mm,"Soft
RT",€/mq,,46.6,52.45,low
484,19,39,Join,Join base tiles small formats / Aextra20,Chimney,AFAK,,,"Matt
RT R10 B",€/mq,,46.6,52.45,low
485,19,39,Join,Join base tiles small formats / Aextra20,Chimney,AFC1,,9 mm,"Soft
RT",€/mq,,76.35,85.9,low
486,19,39,Join,Join base tiles small formats / Aextra20,Chimney,AFDS,,,"Matt
RT R10 B",€/mq,,76.35,85.9,low
487,19,39,Join,Join base tiles small formats / Aextra20,Chimney,AHUU,,"8,5 mm","Soft
NR",€/mq,,72.1,81.1,low
488,19,39,Join,Join base tiles small formats / Aextra20,Mocha,AHFD,,9 mm,"Soft
RT",€/mq,,55.75,62.75,low
489,19,39,Join,Join base tiles small formats / Aextra20,Mocha,AHF8,,,"Matt
RT R10 B",€/mq,,55.75,62.75,low
490,19,39,Join,Join base tiles small formats / Aextra20,Mocha,AHFN,,9 mm,"Soft
RT",€/mq,,46.6,52.45,low
491,19,39,Join,Join base tiles small formats / Aextra20,Mocha,AHGD,,,"Matt
RT R10 B",€/mq,,46.6,52.45,low
492,19,39,Join,Join base tiles small formats / Aextra20,Mocha,AHKU,,9 mm,"Soft
RT",€/mq,,76.35,85.9,low
493,19,39,Join,Join base tiles small formats / Aextra20,Mocha,AHKP,,,"Matt
RT R10 B",€/mq,,76.35,85.9,low
494,20,40,Join,Join colored small formats,Spice,AEZJ,60x60 cm,9 mm,"Soft
RT",€/mq,,81.35,91.45,medium
495,20,40,Join,Join colored small formats,Spice,AFAL,30x60 cm,9 mm,"Soft
RT",€/mq,,60.5,68.1,medium
496,20,40,Join,Join colored small formats,Spice,AFAM,"11,7x60 cm",9 mm,"Soft
RT",€/mq,,51.05,57.35,medium
497,20,40,Join,Join colored small formats,Spice,AFC2,6x24 cm,9 mm,"Soft
RT",€/mq,,81.5,91.8,medium
498,20,40,Join,Join colored small formats,Peach,AHH0,60x120 cm,6 mm,"Matt
RT",€/mq,,119.5,131.45,medium
499,20,40,Join,Join colored small formats,Peach,AHEB,60x60 cm,9 mm,"Soft
RT",€/mq,,81.35,91.45,medium
500,20,40,Join,Join colored small formats,Peach,AHFG,30x60 cm,9 mm,"Soft
RT",€/mq,,60.5,68.1,medium
501,20,40,Join,Join colored small formats,Peach,AHFP,"11,7x60 cm",9 mm,"Soft
RT",€/mq,,51.05,57.35,medium
502,20,40,Join,Join colored small formats,Peach,AHKW,6x24 cm,9 mm,"Soft
RT",€/mq,,81.5,91.8,medium
503,20,40,Join,Join colored small formats,Peach,AHU0,,"8,5 mm","Soft
NR",€/mq,,72.1,81.1,low
504,20,40,Join,Join colored small formats,Mango,AHEE,60x60 cm,9 mm,"Soft
RT",€/mq,,81.35,91.45,medium
505,20,40,Join,Join colored small formats,Mango,AHFJ,30x60 cm,9 mm,"Soft
RT",€/mq,,60.5,68.1,medium
506,20,40,Join,Join colored small formats,Mango,AHFS,"11,7x60 cm",9 mm,"Soft
RT",€/mq,,51.05,57.35,medium
507,20,40,Join,Join colored small formats,Mango,AHKZ,6x24 cm,9 mm,"Soft
RT",€/mq,,81.5,91.8,medium
508,20,40,Join,Join colored small formats,Lilac,AHEC,60x60 cm,9 mm,"Soft
RT",€/mq,,81.35,91.45,medium
509,20,40,Join,Join colored small formats,Lilac,AHFH,30x60 cm,9 mm,"Soft
RT",€/mq,,60.5,68.1,medium
510,20,40,Join,Join colored small formats,Lilac,AHFQ,"11,7x60 cm",9 mm,"Soft
RT",€/mq,,51.05,57.35,medium
511,20,40,Join,Join colored small formats,Lilac,AHKY,6x24 cm,9 mm,"Soft
RT",€/mq,,81.5,91.8,medium
512,20,40,Join,Join colored small formats,Verve,AEZK,60x60 cm,9 mm,"Soft
RT",€/mq,,81.35,91.45,medium
513,20,40,Join,Join colored small formats,Verve,AFAN,30x60 cm,9 mm,"Soft
RT",€/mq,,60.5,68.1,medium
514,20,40,Join,Join colored small formats,Verve,AFAO,"11,7x60 cm",9 mm,"Soft
RT",€/mq,,51.05,57.35,medium
515,20,40,Join,Join colored small formats,Verve,AFC3,6x24 cm,9 mm,"Soft
RT",€/mq,,81.5,91.8,medium
516,20,40,Join,Join colored small formats,Fern,AHHZ,60x120 cm,6 mm,"Matt
RT",€/mq,,119.5,131.45,medium
517,20,40,Join,Join colored small formats,Fern,AHEA,60x60 cm,9 mm,"Soft
RT",€/mq,,81.35,91.45,medium
518,20,40,Join,Join colored small formats,Fern,AHFE,30x60 cm,9 mm,"Soft
RT",€/mq,,60.5,68.1,medium
519,20,40,Join,Join colored small formats,Fern,AHFO,"11,7x60 cm",9 mm,"Soft
RT",€/mq,,51.05,57.35,medium
520,20,40,Join,Join colored small formats,Fern,AHKV,6x24 cm,9 mm,"Soft
RT",€/mq,,81.5,91.8,medium
521,20,40,Join,Join colored small formats,Fern,AHUZ,,"8,5 mm","Soft
NR",€/mq,,72.1,81.1,low
522,20,40,Join,Join colored small formats,Ink,AEZL,60x60 cm,9 mm,"Soft
RT",€/mq,,81.35,91.45,medium
523,20,40,Join,Join colored small formats,Ink,AFAP,30x60 cm,9 mm,"Soft
RT",€/mq,,60.5,68.1,medium
524,20,40,Join,Join colored small formats,Ink,AFAQ,"11,7x60 cm",9 mm,"Soft
RT",€/mq,,51.05,57.35,medium
525,20,40,Join,Join colored small formats,Ink,AFC4,6x24 cm,9 mm,"Soft
RT",€/mq,,81.5,91.8,medium
526,20,40,Join,Join colored small formats,Sky,AHH1,60x120 cm,6 mm,"Matt
RT",€/mq,,119.5,131.45,medium
527,20,40,Join,Join colored small formats,Sky,AHED,60x60 cm,9 mm,"Soft
RT",€/mq,,81.35,91.45,medium
528,20,40,Join,Join colored small formats,Sky,AHFI,30x60 cm,9 mm,"Soft
RT",€/mq,,60.5,68.1,medium
529,20,40,Join,Join colored small formats,Sky,AHFR,"11,7x60 cm",9 mm,"Soft
RT",€/mq,,51.05,57.35,medium
530,20,40,Join,Join colored small formats,Sky,AHKX,6x24 cm,9 mm,"Soft
RT",€/mq,,81.5,91.8,medium
531,20,40,Join,Join colored small formats,Sky,AHU1,,"8,5 mm","Soft
NR",€/mq,,72.1,81.1,low
532,21,41,Join,Join accessories,Candle,AFD4,,,,€/pz,11.45,,,low
533,21,41,Join,Join accessories,Candle,AFFU,,,,€/pz,228.6,,,low
534,21,41,Join,Join accessories,Candle,AFIL,,,,€/pz,228.6,,,low
535,21,41,Join,Join accessories,Candle,AFF6,,,,€/pz,110.55,,,low
536,21,41,Join,Join accessories,Candle,AFGG,,,,€/pz,110.55,,,low
537,21,41,Join,Join accessories,Candle,AFGU,,,,€/pz,135.1,,,low
538,21,41,Join,Join accessories,Candle,AFGN,,,,€/pz,135.1,,,low
539,21,41,Join,Join accessories,Ivory,AHI4,,,,€/pz,11.45,,,low
540,21,41,Join,Join accessories,Ivory,AHJY,,,,€/pz,228.6,,,low
541,21,41,Join,Join accessories,Ivory,AHJT,,,,€/pz,228.6,,,low
542,21,41,Join,Join accessories,Ivory,AHJJ,,,,€/pz,110.55,,,low
543,21,41,Join,Join accessories,Ivory,AHJE,,,,€/pz,110.55,,,low
544,21,41,Join,Join accessories,Ivory,AHKD,,,,€/pz,135.1,,,low
545,21,41,Join,Join accessories,Ivory,AHJ8,,,,€/pz,135.1,,,low
546,21,41,Join,Join accessories,Ginger,AHI5,,,,€/pz,11.45,,,low
547,21,41,Join,Join accessories,Ginger,AHJZ,,,,€/pz,228.6,,,low
548,21,41,Join,Join accessories,Ginger,AHJU,,,,€/pz,228.6,,,low
549,21,41,Join,Join accessories,Ginger,AHJK,,,,€/pz,110.55,,,low
550,21,41,Join,Join accessories,Ginger,AHJF,,,,€/pz,110.55,,,low
551,21,41,Join,Join accessories,Ginger,AHKE,,,,€/pz,135.1,,,low
552,21,41,Join,Join accessories,Ginger,AHJ9,,,,€/pz,135.1,,,low
553,21,41,Join,Join accessories,Wing,AFD5,,,,€/pz,11.45,,,low
554,21,41,Join,Join accessories,Wing,AFFV,,,,€/pz,228.6,,,low
555,21,41,Join,Join accessories,Wing,AFF2,,,,€/pz,228.6,,,low
556,21,41,Join,Join accessories,Wing,AFF7,,,,€/pz,110.55,,,low
557,21,41,Join,Join accessories,Wing,AFGH,,,,€/pz,110.55,,,low
558,21,41,Join,Join accessories,Wing,AFGV,,,,€/pz,135.1,,,low
559,21,41,Join,Join accessories,Wing,AFGO,,,,€/pz,135.1,,,low
560,21,41,Join,Join accessories,Levity,AFD6,,,,€/pz,11.45,,,low
561,21,41,Join,Join accessories,Levity,AFFW,,,,€/pz,228.6,,,low
562,21,41,Join,Join accessories,Levity,AFF3,,,,€/pz,228.6,,,low
563,21,41,Join,Join accessories,Levity,AFF8,,,,€/pz,110.55,,,low
564,21,41,Join,Join accessories,Levity,AFGI,,,,€/pz,110.55,,,low
565,21,41,Join,Join accessories,Levity,AFGW,,,,€/pz,135.1,,,low
566,21,41,Join,Join accessories,Levity,AFGP,,,,€/pz,135.1,,,low
567,21,41,Join,Join accessories,Manor,AFD7,,,,€/pz,11.45,,,low
568,21,41,Join,Join accessories,Manor,AFFX,,,,€/pz,228.6,,,low
569,21,41,Join,Join accessories,Manor,AFF4,,,,€/pz,228.6,,,low
570,21,41,Join,Join accessories,Manor,AFF9,,,,€/pz,110.55,,,low
571,21,41,Join,Join accessories,Manor,AFGJ,,,,€/pz,110.55,,,low
572,21,41,Join,Join accessories,Manor,AFGX,,,,€/pz,135.1,,,low
573,21,41,Join,Join accessories,Manor,AFGQ,,,,€/pz,135.1,,,low
574,21,41,Join,Join accessories,Platinum,AHI2,,,,€/pz,11.45,,,low
575,21,41,Join,Join accessories,Platinum,AHJW,,,,€/pz,228.6,,,low
576,21,41,Join,Join accessories,Platinum,AHJR,,,,€/pz,228.6,,,low
577,21,41,Join,Join accessories,Platinum,AHJH,,,,€/pz,110.55,,,low
578,21,41,Join,Join accessories,Platinum,AHJC,,,,€/pz,110.55,,,low
579,21,41,Join,Join accessories,Platinum,AHKB,,,,€/pz,135.1,,,low
580,21,41,Join,Join accessories,Platinum,AHJ6,,,,€/pz,135.1,,,low
581,21,41,Join,Join accessories,Plume,AFD8,,,,€/pz,11.45,,,low
582,21,41,Join,Join accessories,Plume,AHLV,,,,€/pz,228.6,,,low
583,21,41,Join,Join accessories,Plume,AHLT,,,,€/pz,228.6,,,low
584,21,41,Join,Join accessories,Plume,AFGA,,,,€/pz,110.55,,,low
585,21,41,Join,Join accessories,Plume,AFGK,,,,€/pz,110.55,,,low
586,21,41,Join,Join accessories,Plume,AFGY,,,,€/pz,135.1,,,low
587,21,41,Join,Join accessories,Plume,AFGR,,,,€/pz,135.1,,,low
588,21,41,Join,Join accessories,Glare,AFD3,,,,€/pz,11.45,,,low
589,21,41,Join,Join accessories,Glare,AFFT,,,,€/pz,228.6,,,low
590,21,41,Join,Join accessories,Glare,AFF1,,,,€/pz,228.6,,,low
591,21,41,Join,Join accessories,Glare,AFF5,,,,€/pz,110.55,,,low
592,21,41,Join,Join accessories,Glare,AFGF,,,,€/pz,110.55,,,low
593,21,41,Join,Join accessories,Glare,AFGT,,,,€/pz,135.1,,,low
594,21,41,Join,Join accessories,Glare,AFGM,,,,€/pz,135.1,,,low
595,21,41,Join,Join accessories,Moon,AHI3,,,,€/pz,11.45,,,low
596,21,41,Join,Join accessories,Moon,AHJX,,,,€/pz,228.6,,,low
597,21,41,Join,Join accessories,Moon,AHJS,,,,€/pz,228.6,,,low
598,21,41,Join,Join accessories,Moon,AHJI,,,,€/pz,110.55,,,low
599,21,41,Join,Join accessories,Moon,AHJD,,,,€/pz,110.55,,,low
600,21,41,Join,Join accessories,Moon,AHKC,,,,€/pz,135.1,,,low
601,21,41,Join,Join accessories,Moon,AHJ7,,,,€/pz,135.1,,,low
602,21,41,Join,Join accessories,Chimney,AFD9,,,,€/pz,11.45,,,low
603,21,41,Join,Join accessories,Chimney,AHLU,,,,€/pz,228.6,,,low
604,21,41,Join,Join accessories,Chimney,AHLS,,,,€/pz,228.6,,,low
605,21,41,Join,Join accessories,Chimney,AFGB,,,,€/pz,110.55,,,low
606,21,41,Join,Join accessories,Chimney,AFGL,,,,€/pz,110.55,,,low
607,21,41,Join,Join accessories,Chimney,AFGZ,,,,€/pz,135.1,,,low
608,21,41,Join,Join accessories,Chimney,AFGS,,,,€/pz,135.1,,,low
609,21,41,Join,Join accessories,Mocha,AHI6,,,,€/pz,11.45,,,low
610,21,41,Join,Join accessories,Mocha,AHJ0,,,,€/pz,228.6,,,low
611,21,41,Join,Join accessories,Mocha,AHJV,,,,€/pz,228.6,,,low
612,21,41,Join,Join accessories,Mocha,AHJL,,,,€/pz,110.55,,,low
613,21,41,Join,Join accessories,Mocha,AHJG,,,,€/pz,110.55,,,low
614,21,41,Join,Join accessories,Mocha,AHKF,,,,€/pz,135.1,,,low
615,21,41,Join,Join accessories,Mocha,AHKA,,,,€/pz,135.1,,,low
616,21,41,Join,Join accessories,Spice,AFEA,,,,€/pz,11.45,,,low
617,21,41,Join,Join accessories,Spice,AFFY,,,,€/pz,228.6,,,low
618,21,41,Join,Join accessories,Spice,AFGC,,,,€/pz,110.55,,,low
619,21,41,Join,Join accessories,Spice,AFG0,,,,€/pz,135.1,,,low
620,21,41,Join,Join accessories,Peach,AHI8,,,,€/pz,11.45,,,low
621,21,41,Join,Join accessories,Peach,AHJ2,,,,€/pz,228.6,,,low
622,21,41,Join,Join accessories,Peach,AHJN,,,,€/pz,110.55,,,low
623,21,41,Join,Join accessories,Peach,AHKH,,,,€/pz,135.1,,,low
624,21,41,Join,Join accessories,Mango,AHJB,,,,€/pz,11.45,,,low
625,21,41,Join,Join accessories,Mango,AHJ5,,,,€/pz,228.6,,,low
626,21,41,Join,Join accessories,Mango,AHJQ,,,,€/pz,110.55,,,low
627,21,41,Join,Join accessories,Mango,AHKK,,,,€/pz,135.1,,,low
628,21,41,Join,Join accessories,Lilac,AHI9,,,,€/pz,11.45,,,low
629,21,41,Join,Join accessories,Lilac,AHJ3,,,,€/pz,228.6,,,low
630,21,41,Join,Join accessories,Lilac,AHJO,,,,€/pz,110.55,,,low
631,21,41,Join,Join accessories,Lilac,AHKI,,,,€/pz,135.1,,,low
632,21,41,Join,Join accessories,Verve,AFEB,,,,€/pz,11.45,,,low
633,21,41,Join,Join accessories,Verve,AFFZ,,,,€/pz,228.6,,,low
634,21,41,Join,Join accessories,Verve,AFGD,,,,€/pz,110.55,,,low
635,21,41,Join,Join accessories,Verve,AFG1,,,,€/pz,135.1,,,low
636,21,41,Join,Join accessories,Fern,AHI7,,,,€/pz,11.45,,,low
637,21,41,Join,Join accessories,Fern,AHJ1,,,,€/pz,228.6,,,low
638,21,41,Join,Join accessories,Fern,AHJM,,,,€/pz,110.55,,,low
639,21,41,Join,Join accessories,Fern,AHKG,,,,€/pz,135.1,,,low
640,21,41,Join,Join accessories,Ink,AFEC,,,,€/pz,11.45,,,low
641,21,41,Join,Join accessories,Ink,AFF0,,,,€/pz,228.6,,,low
642,21,41,Join,Join accessories,Ink,AFGE,,,,€/pz,110.55,,,low
643,21,41,Join,Join accessories,Ink,AFG2,,,,€/pz,135.1,,,low
644,21,41,Join,Join accessories,Sky,AHJA,,,,€/pz,11.45,,,low
645,21,41,Join,Join accessories,Sky,AHJ4,,,,€/pz,228.6,,,low
646,21,41,Join,Join accessories,Sky,AHJP,,,,€/pz,110.55,,,low
647,21,41,Join,Join accessories,Sky,AHKJ,,,,€/pz,135.1,,,low
648,22,42,Join,Join Line / Gold decorative slabs,AHYE,AHYE,120x278 cm,,"Matt
RT",€/mq,607.7,,,medium
649,22,42,Join,Join Line / Gold decorative slabs,AHYF,AHYF,120x278 cm,,"Matt
RT",€/mq,607.7,,,medium
650,22,42,Join,Join Line / Gold decorative slabs,AHYG,AHYG,120x278 cm,,"Matt
RT",€/mq,607.7,,,medium
651,22,42,Join,Join Line / Gold decorative slabs,AHYH,AHYH,120x278 cm,,"Matt
RT",€/mq,607.7,,,medium
652,22,42,Join,Join Line / Gold decorative slabs,AHYI,AHYI,120x278 cm,,"Matt
RT",€/mq,607.7,,,medium
653,22,42,Join,Join Line / Gold decorative slabs,AHYJ,AHYJ,120x278 cm,,"Matt
RT",€/mq,607.7,,,medium
654,22,42,Join,Join Line / Gold decorative slabs,AHXR,AHXR,120x278 cm,,"Matt
RT",€/mq,808.55,,,medium
655,22,42,Join,Join Line / Gold decorative slabs,AHXS,AHXS,120x278 cm,,"Matt
RT",€/mq,808.55,,,medium
656,22,42,Join,Join Line / Gold decorative slabs,AHXT,AHXT,120x278 cm,,"Matt
RT",€/mq,808.55,,,medium
657,22,42,Join,Join Line / Gold decorative slabs,AHXU,AHXU,120x278 cm,,"Matt
RT",€/mq,808.55,,,medium
658,24,44,Join,Join mosaics and decorations,Candle,AHIO,30x30 cm,,,€/mq,160.7,,,medium
659,24,44,Join,Join mosaics and decorations,Candle,AbUz,30x30 cm,,,€/mq,194.9,,,medium
660,24,44,Join,Join mosaics and decorations,Candle,AHYQ,30x30 cm,,,€/mq,350.2,,,medium
661,24,44,Join,Join mosaics and decorations,Candle,AHZA,20x20 cm,,,€/mq,226.6,,,medium
662,24,44,Join,Join mosaics and decorations,Candle,AHWX,60x120 cm,,,€/mq,171.8,,,medium
663,24,44,Join,Join mosaics and decorations,Candle,AHZZ,30x60 cm,,,€/mq,200.85,,,medium
664,24,44,Join,Join mosaics and decorations,Ivory,AHIP,30x30 cm,,,€/mq,160.7,,,medium
665,24,44,Join,Join mosaics and decorations,Ivory,AHWE,30x30 cm,,,€/mq,194.9,,,medium
666,24,44,Join,Join mosaics and decorations,Ivory,AHYR,30x30 cm,,,€/mq,350.2,,,medium
667,24,44,Join,Join mosaics and decorations,Ivory,AHZB,20x20 cm,,,€/mq,226.6,,,medium
668,24,44,Join,Join mosaics and decorations,Ivory,AHWY,60x120 cm,,,€/mq,171.8,,,medium
669,24,44,Join,Join mosaics and decorations,Ivory,AHZ0,30x60 cm,,,€/mq,200.85,,,medium
670,24,44,Join,Join mosaics and decorations,Ginger,AHIQ,30x30 cm,,,€/mq,160.7,,,medium
671,24,44,Join,Join mosaics and decorations,Ginger,AHWF,30x30 cm,,,€/mq,194.9,,,medium
672,24,44,Join,Join mosaics and decorations,Ginger,AHYS,30x30 cm,,,€/mq,350.2,,,medium
673,24,44,Join,Join mosaics and decorations,Ginger,AHZC,20x20 cm,,,€/mq,226.6,,,medium
674,24,44,Join,Join mosaics and decorations,Ginger,AHWZ,60x120 cm,,,€/mq,171.8,,,medium
675,24,44,Join,Join mosaics and decorations,Ginger,AHZ1,30x60 cm,,,€/mq,200.85,,,medium
676,24,44,Join,Join mosaics and decorations,Wing,AHIR,30x30 cm,,,€/mq,160.7,,,medium
677,24,44,Join,Join mosaics and decorations,Wing,AHWC,30x30 cm,,,€/mq,194.9,,,medium
678,24,44,Join,Join mosaics and decorations,Wing,AHYT,30x30 cm,,,€/mq,350.2,,,medium
679,24,44,Join,Join mosaics and decorations,Wing,AHZD,20x20 cm,,,€/mq,226.6,,,medium
680,24,44,Join,Join mosaics and decorations,Wing,AHW0,60x120 cm,,,€/mq,171.8,,,medium
681,24,44,Join,Join mosaics and decorations,Wing,AHZ2,30x60 cm,,,€/mq,200.85,,,medium
682,24,44,Join,Join mosaics and decorations,Levity,AHIK,30x30 cm,,,€/mq,160.7,,,medium
683,24,44,Join,Join mosaics and decorations,Levity,AHWA,30x30 cm,,,€/mq,194.9,,,medium
684,24,44,Join,Join mosaics and decorations,Levity,AHYM,30x30 cm,,,€/mq,350.2,,,medium
685,24,44,Join,Join mosaics and decorations,Levity,AHY6,20x20 cm,,,€/mq,226.6,,,medium
686,24,44,Join,Join mosaics and decorations,Levity,AHWT,60x120 cm,,,€/mq,171.8,,,medium
687,24,44,Join,Join mosaics and decorations,Levity,AHZU,30x60 cm,,,€/mq,200.85,,,medium
688,24,44,Join,Join mosaics and decorations,Manor,AHIS,30x30 cm,,,€/mq,160.7,,,medium
689,24,44,Join,Join mosaics and decorations,Manor,AHWH,30x30 cm,,,€/mq,194.9,,,medium
690,24,44,Join,Join mosaics and decorations,Manor,AHYU,30x30 cm,,,€/mq,350.2,,,medium
691,24,44,Join,Join mosaics and decorations,Manor,AHZE,20x20 cm,,,€/mq,226.6,,,medium
692,24,44,Join,Join mosaics and decorations,Manor,AHW1,60x120 cm,,,€/mq,171.8,,,medium
693,24,44,Join,Join mosaics and decorations,Manor,AHZ3,30x60 cm,,,€/mq,200.85,,,medium
694,24,44,Join,Join mosaics and decorations,Platinum,AHIL,30x30 cm,,,€/mq,160.7,,,medium
695,24,44,Join,Join mosaics and decorations,Platinum,AHWB,30x30 cm,,,€/mq,194.9,,,medium
696,24,44,Join,Join mosaics and decorations,Platinum,AHYN,30x30 cm,,,€/mq,350.2,,,medium
697,24,44,Join,Join mosaics and decorations,Platinum,AHY7,20x20 cm,,,€/mq,226.6,,,medium
698,24,44,Join,Join mosaics and decorations,Platinum,AHWU,60x120 cm,,,€/mq,171.8,,,medium
699,24,44,Join,Join mosaics and decorations,Platinum,AHZW,30x60 cm,,,€/mq,200.85,,,medium
700,24,44,Join,Join mosaics and decorations,Plume,AHIJ,30x30 cm,,,€/mq,160.7,,,medium
701,24,44,Join,Join mosaics and decorations,Plume,AHV9,30x30 cm,,,€/mq,194.9,,,medium
702,24,44,Join,Join mosaics and decorations,Plume,AHYL,30x30 cm,,,€/mq,350.2,,,medium
703,24,44,Join,Join mosaics and decorations,Plume,AHY5,20x20 cm,,,€/mq,226.6,,,medium
704,24,44,Join,Join mosaics and decorations,Plume,AHWS,60x120 cm,,,€/mq,171.8,,,medium
705,24,44,Join,Join mosaics and decorations,Plume,AHZT,30x60 cm,,,€/mq,200.85,,,medium
706,24,44,Join,Join mosaics and decorations,Glare,AHIM,30x30 cm,,,€/mq,160.7,,,medium
707,24,44,Join,Join mosaics and decorations,Glare,AHWC,30x30 cm,,,€/mq,194.9,,,medium
708,24,44,Join,Join mosaics and decorations,Glare,AHYO,30x30 cm,,,€/mq,350.2,,,medium
709,24,44,Join,Join mosaics and decorations,Glare,AHY8,20x20 cm,,,€/mq,226.6,,,medium
710,24,44,Join,Join mosaics and decorations,Glare,AHWV,60x120 cm,,,€/mq,171.8,,,medium
711,24,44,Join,Join mosaics and decorations,Glare,AHZX,30x60 cm,,,€/mq,200.85,,,medium
712,24,44,Join,Join mosaics and decorations,Moon,AHIN,30x30 cm,,,€/mq,160.7,,,medium
713,24,44,Join,Join mosaics and decorations,Moon,AHWD,30x30 cm,,,€/mq,194.9,,,medium
714,24,44,Join,Join mosaics and decorations,Moon,AHYP,30x30 cm,,,€/mq,350.2,,,medium
715,24,44,Join,Join mosaics and decorations,Moon,AHY9,20x20 cm,,,€/mq,226.6,,,medium
716,24,44,Join,Join mosaics and decorations,Moon,AHWW,60x120 cm,,,€/mq,171.8,,,medium
717,24,44,Join,Join mosaics and decorations,Moon,AHZY,30x60 cm,,,€/mq,200.85,,,medium
718,24,44,Join,Join mosaics and decorations,Chimney,AHII,30x30 cm,,,€/mq,160.7,,,medium
719,24,44,Join,Join mosaics and decorations,Chimney,AbUy,30x30 cm,,,€/mq,194.9,,,medium
720,24,44,Join,Join mosaics and decorations,Chimney,AHYK,30x30 cm,,,€/mq,350.2,,,medium
721,24,44,Join,Join mosaics and decorations,Chimney,AHY4,20x20 cm,,,€/mq,226.6,,,medium
722,24,44,Join,Join mosaics and decorations,Chimney,AHWR,60x120 cm,,,€/mq,171.8,,,medium
723,24,44,Join,Join mosaics and decorations,Chimney,AHZ5,30x60 cm,,,€/mq,200.85,,,medium
724,24,44,Join,Join mosaics and decorations,Mocha,AHIT,30x30 cm,,,€/mq,160.7,,,medium
725,24,44,Join,Join mosaics and decorations,Mocha,AHWI,30x30 cm,,,€/mq,194.9,,,medium
726,24,44,Join,Join mosaics and decorations,Mocha,AHYV,30x30 cm,,,€/mq,350.2,,,medium
727,24,44,Join,Join mosaics and decorations,Mocha,AHZF,20x20 cm,,,€/mq,226.6,,,medium
728,24,44,Join,Join mosaics and decorations,Mocha,AHW2,60x120 cm,,,€/mq,171.8,,,medium
729,24,44,Join,Join mosaics and decorations,Mocha,AHZ4,30x60 cm,,,€/mq,200.85,,,medium
730,24,44,Join,Join mosaics and decorations,Spice,AHIV,30x30 cm,,,€/mq,160.7,,,medium
731,24,44,Join,Join mosaics and decorations,Spice,AHWK,30x30 cm,,,€/mq,194.9,,,medium
732,24,44,Join,Join mosaics and decorations,Spice,AHYX,30x30 cm,,,€/mq,350.2,,,medium
733,24,44,Join,Join mosaics and decorations,Spice,AHZH,20x20 cm,,,€/mq,226.6,,,medium
734,24,44,Join,Join mosaics and decorations,Spice,AHW4,60x120 cm,,,€/mq,171.8,,,medium
735,24,44,Join,Join mosaics and decorations,Spice,AHZ6,30x60 cm,,,€/mq,200.85,,,medium
736,24,44,Join,Join mosaics and decorations,Peach,AHIY,30x30 cm,,,€/mq,160.7,,,medium
737,24,44,Join,Join mosaics and decorations,Peach,AHWN,30x30 cm,,,€/mq,194.9,,,medium
738,24,44,Join,Join mosaics and decorations,Peach,AHY0,30x30 cm,,,€/mq,350.2,,,medium
739,24,44,Join,Join mosaics and decorations,Peach,AHZK,20x20 cm,,,€/mq,226.6,,,medium
740,24,44,Join,Join mosaics and decorations,Peach,AHW7,60x120 cm,,,€/mq,171.8,,,medium
741,24,44,Join,Join mosaics and decorations,Peach,AHZ9,30x60 cm,,,€/mq,200.85,,,medium
742,24,44,Join,Join mosaics and decorations,Mango,AHI1,30x30 cm,,,€/mq,160.7,,,medium
743,24,44,Join,Join mosaics and decorations,Mango,AHWQ,30x30 cm,,,€/mq,194.9,,,medium
744,24,44,Join,Join mosaics and decorations,Mango,AHY3,30x30 cm,,,€/mq,350.2,,,medium
745,24,44,Join,Join mosaics and decorations,Mango,AHZN,20x20 cm,,,€/mq,226.6,,,medium
746,24,44,Join,Join mosaics and decorations,Mango,AHXA,60x120 cm,,,€/mq,171.8,,,medium
747,24,44,Join,Join mosaics and decorations,Mango,AIAE,30x60 cm,,,€/mq,200.85,,,medium
748,24,44,Join,Join mosaics and decorations,Lilac,AHIZ,30x30 cm,,,€/mq,160.7,,,medium
749,24,44,Join,Join mosaics and decorations,Lilac,AHWO,30x30 cm,,,€/mq,194.9,,,medium
750,24,44,Join,Join mosaics and decorations,Lilac,AHY1,30x30 cm,,,€/mq,350.2,,,medium
751,24,44,Join,Join mosaics and decorations,Lilac,AHZL,20x20 cm,,,€/mq,226.6,,,medium
752,24,44,Join,Join mosaics and decorations,Lilac,AHW8,60x120 cm,,,€/mq,171.8,,,medium
753,24,44,Join,Join mosaics and decorations,Lilac,AIAB,30x60 cm,,,€/mq,200.85,,,medium
754,24,44,Join,Join mosaics and decorations,Verve,AHIU,30x30 cm,,,€/mq,160.7,,,medium
755,24,44,Join,Join mosaics and decorations,Verve,AHWJ,30x30 cm,,,€/mq,194.9,,,medium
756,24,44,Join,Join mosaics and decorations,Verve,AHYW,30x30 cm,,,€/mq,350.2,,,medium
757,24,44,Join,Join mosaics and decorations,Verve,AHZG,20x20 cm,,,€/mq,226.6,,,medium
758,24,44,Join,Join mosaics and decorations,Verve,AHW3,60x120 cm,,,€/mq,171.8,,,medium
759,24,44,Join,Join mosaics and decorations,Verve,AHZ5,30x60 cm,,,€/mq,200.85,,,medium
760,24,44,Join,Join mosaics and decorations,Fern,AHIX,30x30 cm,,,€/mq,160.7,,,medium
761,24,44,Join,Join mosaics and decorations,Fern,AHWM,30x30 cm,,,€/mq,194.9,,,medium
762,24,44,Join,Join mosaics and decorations,Fern,AHYZ,30x30 cm,,,€/mq,350.2,,,medium
763,24,44,Join,Join mosaics and decorations,Fern,AHZJ,20x20 cm,,,€/mq,226.6,,,medium
764,24,44,Join,Join mosaics and decorations,Fern,AHW6,60x120 cm,,,€/mq,171.8,,,medium
765,24,44,Join,Join mosaics and decorations,Fern,AHZ8,30x60 cm,,,€/mq,200.85,,,medium
766,24,44,Join,Join mosaics and decorations,Ink,AHIW,30x30 cm,,,€/mq,160.7,,,medium
767,24,44,Join,Join mosaics and decorations,Ink,AHWL,30x30 cm,,,€/mq,194.9,,,medium
768,24,44,Join,Join mosaics and decorations,Ink,AHYY,30x30 cm,,,€/mq,350.2,,,medium
769,24,44,Join,Join mosaics and decorations,Ink,AHZI,20x20 cm,,,€/mq,226.6,,,medium
770,24,44,Join,Join mosaics and decorations,Ink,AHW5,60x120 cm,,,€/mq,171.8,,,medium
771,24,44,Join,Join mosaics and decorations,Ink,AHZ7,30x60 cm,,,€/mq,200.85,,,medium
772,24,44,Join,Join mosaics and decorations,Sky,AHI0,30x30 cm,,,€/mq,160.7,,,medium
773,24,44,Join,Join mosaics and decorations,Sky,AHWP,30x30 cm,,,€/mq,194.9,,,medium
774,24,44,Join,Join mosaics and decorations,Sky,AHY2,30x30 cm,,,€/mq,350.2,,,medium
775,24,44,Join,Join mosaics and decorations,Sky,AHZM,20x20 cm,,,€/mq,226.6,,,medium
776,24,44,Join,Join mosaics and decorations,Sky,AHW9,60x120 cm,,,€/mq,171.8,,,medium
777,24,44,Join,Join mosaics and decorations,Sky,AIAC,30x60 cm,,,€/mq,200.85,,,medium
778,25,45,Join,Join Arcade and Ring,AHXV,AHXV,30x60 cm,,,€/mq,290.45,,,medium
779,25,45,Join,Join Arcade and Ring,AHXW,AHXW,30x60 cm,,,€/mq,290.45,,,medium
780,25,45,Join,Join Arcade and Ring,AHXX,AHXX,30x60 cm,,,€/mq,290.45,,,medium
781,25,45,Join,Join Arcade and Ring,AHXY,AHXY,30x60 cm,,,€/mq,290.45,,,medium
782,25,45,Join,Join Arcade and Ring,AHXZ,AHXZ,30x60 cm,,,€/mq,290.45,,,medium
783,25,45,Join,Join Arcade and Ring,AHX0,AHX0,30x60 cm,,,€/mq,290.45,,,medium
784,25,45,Join,Join Arcade and Ring,AHX1,AHX1,30x60 cm,,,€/mq,290.45,,,medium
785,25,45,Join,Join Arcade and Ring,AHX2,AHX2,30x60 cm,,,€/mq,290.45,,,medium
786,25,45,Join,Join Arcade and Ring,AHX3,AHX3,30x60 cm,,,€/mq,290.45,,,medium
787,25,45,Join,Join Arcade and Ring,AHX4,AHX4,30x60 cm,,,€/mq,290.45,,,medium
788,25,45,Join,Join Arcade and Ring,AHX5,AHX5,30x60 cm,,,€/mq,290.45,,,medium
789,25,45,Join,Join Arcade and Ring,AHX6,AHX6,30x60 cm,,,€/mq,290.45,,,medium
790,25,45,Join,Join Arcade and Ring,AHX7,AHX7,15x30 cm,,,€/comp.,211.15,,,medium
791,25,45,Join,Join Arcade and Ring,AHX8,AHX8,15x30 cm,,,€/comp.,211.15,,,medium
792,25,45,Join,Join Arcade and Ring,AHX9,AHX9,15x30 cm,,,€/comp.,211.15,,,medium
793,25,45,Join,Join Arcade and Ring,AHYA,AHYA,15x30 cm,,,€/comp.,211.15,,,medium
794,25,45,Join,Join Arcade and Ring,AHYB,AHYB,15x30 cm,,,€/comp.,211.15,,,medium
795,25,45,Join,Join Arcade and Ring,AHYC,AHYC,15x30 cm,,,€/comp.,211.15,,,medium
796,25,45,Join,Join Arcade and Ring,AHYD,AHYD,15x30 cm,,,€/comp.,211.15,,,medium
